auctionId,auctionSeason,auctionNumber,auctionName,auctionStyle,completionStyle,auctioneer,Link,openDate,closeDate,daysToClose,Status,Open Month,Close Month,targetFunding,augmentated,augmentTokens,augmentGrunnel,augmentWithheld,augmentedTotal,fundingNoAugment,preorderTotal
20181,2018,1,2018 8K Super Lightning Auction!,Super Condensed,Fixed Date,Wade S,https://truedungeon.com/forum?view=topic&catid=584&id=248428,2018-09-27,2018-09-30,3,Closed,12,12,"$8,000.00",No,,,,$0.00,"$8,000.00",$0.00
20182,2018,2,2018 8k Order Auction,Onyx Condensed,Fixed Date,Matthew Hayward,https://truedungeon.com/forum?view=topic&catid=584&id=246166,2017-10-29,2017-11-05,7,Closed,1,2,"$8,000.00",No,,,,$0.00,"$8,000.00",$64.00
20183,2018,3,2018 8k Order Auction,Onyx Condensed,Fixed Date,edwin,https://truedungeon.com/forum?view=topic&catid=584&id=246219,2017-11-06,2017-11-18,12,Closed,2,2,"$7,400.00",No,,,-$206.55,-$206.55,"$7,606.55",$72.00
20184,2018,4,2018 8k Onyx token auction,Onyx Condensed,Fixed Date,Starkhound (Edwin),https://truedungeon.com/forum?view=topic&catid=584&id=246641,2018-01-27,2018-02-05,9,Closed,4,5,"$7,850.00",No,,,,$0.00,"$7,850.00",$0.00
20185,2018,5,8K Auction,Super Condensed,Fixed Date,Wade S,https://truedungeon.com/forum?view=topic&catid=584&id=248189,2018-08-26,2018-09-06,11,Closed,11,12,"$8,000.00",No,,,,$0.00,"$8,000.00",$0.00
20186,2018,6,ONE MORE 2018 8k Order,Super Condensed,Fixed Date,jpotter,https://truedungeon.com/forum?view=topic&catid=584&id=248423,2018-09-25,2018-09-29,4,Closed,12,12,"$7,500.00",No,,,,$0.00,"$7,500.00",$0.00
20191,2019,1,Nick Braun,Super Condensed,Fixed Date,Nick Braun,https://truedungeon.com/forum?view=topic&catid=584&id=248693,2018-12-15,2019-01-08,24,Closed,3,4,"$7,500.00",No,,,,$0.00,"$7,500.00",$0.00
20192,2019,2,2019 $8k Auction,Condensed,Fixed Date,Azzy,https://truedungeon.com/forum?view=topic&catid=584&id=248945,2019-03-01,2019-03-15,14,Closed,6,6,"$7,500.00",No,,,,$0.00,"$7,500.00",$0.00
20193,2019,3,Post GenCon Token Auction,Super Condensed,Fixed Date,Wade S,https://truedungeon.com/forum?view=topic&catid=584&id=250310,2019-08-10,2019-08-23,13,Closed,11,11,"$7,500.00",No,,,,$0.00,"$7,500.00",$0.00
20194,2019,4,Super Condensed 8K Auction - Get Your Tokens Before GenCon 2019,Super Condensed,Fixed Date,Edwin,https://truedungeon.com/forum?view=topic&catid=584&id=249548,2019-05-27,2019-05-28,1,Closed,8,8,"$7,500.00",No,,,,$0.00,"$7,500.00",$0.00
20195,2019,5,Super Condensed 8k Auction -Pre GenCon 2019 Wrap-up,Super Condensed,Fixed Date,Tialong,https://truedungeon.com/forum?view=topic&catid=584&id=249582,2019-06-03,2019-06-26,23,Closed,9,9,"$7,500.00",No,,,,$0.00,"$7,500.00",$0.00
20196,2019,6,Super Condensed 8K Auction,Super Condensed,Fixed Date,Wade S,https://truedungeon.com/forum?view=topic&catid=584&id=249002,2019-03-21,2019-04-02,12,Closed,6,7,"$7,500.00",No,,,,$0.00,"$7,500.00",$0.00
20197,2019,7,Super Condensed 8K Auction - Hurry before Origins!,Super Condensed,Fixed Date,Braxton,https://truedungeon.com/forum?view=topic&catid=584&id=249199,2019-05-02,2019-05-18,16,Closed,8,8,"$7,500.00",No,,,,$0.00,"$7,500.00",$0.00
20198,2019,8,Pre GameHole Con Auction,Super Condensed,Fixed Date,Starkhound (Edwin),https://truedungeon.com/forum?view=topic&catid=584&id=250328,2019-08-12,2019-09-07,26,Closed,11,12,"$7,500.00",No,,,,$0.00,"$7,500.00",$0.00
20201,2020,1,Discount Lightning Auction 2020 $8k No.1,Super Condensed,Lightning,Matthew Hayward,https://truedungeon.com/forum?view=topic&catid=584&id=250524,2019-10-05,2019-10-09,4,Closed,1,1,"$7,500.00",No,,,,$0.00,"$7,500.00",$12.80
20202,2020,2,Discount Lightning Auction 2020 $8k No.2,Super Condensed,Lightning,Matthew Hayward,https://truedungeon.com/forum?view=topic&catid=584&id=250545,2019-10-09,2019-10-12,3,Closed,1,1,"$7,500.00",No,,,,$0.00,"$7,500.00",$12.80
20203,2020,3,Discount Lightning Auction 2020 $8k No.3,Super Condensed,Lightning,Matthew Hayward,https://truedungeon.com/forum?view=topic&catid=584&id=250555,2019-10-12,2019-10-14,2,Closed,1,1,"$7,500.00",No,,,,$0.00,"$7,500.00",$11.20
20204,2020,4,Discount Lightning Auction 2020 $8k No.4,Onyx Super Condensed,Lightning,Matthew Hayward,https://truedungeon.com/forum?view=topic&catid=584&id=250559,2019-10-14,2019-10-20,6,Closed,1,1,"$7,500.00",No,,,,$0.00,"$7,500.00",$32.00
20205,2020,5,Discount Lightning Auction 2020 $8k No.5,Onyx Super Condensed,Lightning,Matthew Hayward,https://truedungeon.com/forum?view=topic&catid=584&id=250572,2019-10-20,2019-10-23,3,Closed,1,1,"$7,500.00",No,,,,$0.00,"$7,500.00",$16.00
20206,2020,6,Discount Lightning Auction 2020 $8k No.6,Onyx Super Condensed,Lightning,Matthew Hayward,https://truedungeon.com/forum?view=topic&catid=584&id=250584,2019-10-23,2019-10-30,7,Closed,1,1,"$7,500.00",No,,,,$0.00,"$7,500.00",$0.00
20207,2020,7,Discount Lightning Auction 2020 $8k No.7,Onyx Super Condensed,Lightning,Matthew Hayward,https://truedungeon.com/forum?view=topic&catid=584&id=250617,2019-10-30,2019-11-19,20,Closed,1,2,"$7,500.00",No,,,,$0.00,"$7,500.00",$0.00
20209,2020,9,Discount Lightning Auction 2020 $8k No.9 ,Onyx Super Condensed,Lightning,Matthew Hayward,https://truedungeon.com/forum?view=topic&catid=584&id=251008,2020-03-19,2020-06-14,87,Closed,6,9,"$7,500.00",No,,,,$0.00,"$7,500.00",$0.00
202010,2020,10,Lightning-style 2020 8k Auction,Super Condensed,Lightning,Azzy,https://truedungeon.com/forum?view=topic&catid=584&id=251419,2020-08-04,2020-08-15,11,Closed,11,11,"$7,500.00",No,,,,$0.00,"$7,500.00",$0.00
202011,2020,11,End of Year 2020 $8K Token Auction,Super Condensed,Fixed Date,Edwin,https://truedungeon.com/forum?view=topic&catid=584&id=251417,2020-08-04,2020-08-27,23,Closed,11,11,"$7,500.00",No,,,,$0.00,"$7,500.00",$0.00
202012,2020,12,August 2020 End-of-Year 8k Lightning Auction,Super Condensed,Lightning,Dergidan,https://truedungeon.com/forum?view=topic&catid=584&id=251612,2020-08-23,2020-09-12,20,Closed,11,12,"$7,375.00",No,,,,$0.00,"$7,375.00",$0.00
202013,2020,13,Maybe I Think Final Auction,Super Condensed,Lightning,Ralykam,https://truedungeon.com/forum?view=topic&catid=584&id=251801,2020-09-12,2020-09-15,3,Closed,12,12,"$7,500.00",No,,,,$0.00,"$7,500.00",$0.00
202014,2020,14,Last Chance Lightning Auction,Super Condensed,Lightning,Azzy,https://truedungeon.com/forum?view=topic&catid=584&id=251827,2020-09-15,2020-09-19,4,Closed,12,12,"$7,500.00",No,,,,$0.00,"$7,500.00",$0.00
202015,2020,15,Really This Time I Think Final Auction (Lightning Style),Super Condensed,Lightning,Wade S,https://truedungeon.com/forum?view=topic&catid=584&id=251843,2020-09-17,2020-09-23,6,Closed,12,12,"$7,500.00",No,,,,$0.00,"$7,500.00",$0.00
202016,2020,16,Post-PAX 8k Auction,Super Condensed,Lightning,Azzy,https://truedungeon.com/forum?view=topic&catid=584&id=250851,2020-01-20,2020-02-03,14,Closed,4,5,"$7,500.00",No,,,,$0.00,"$7,500.00",$0.00
202017,2020,17,2020 Auction #3,Super Condensed,Fixed Date,Edwin,https://truedungeon.com/forum?view=topic&catid=584&id=250753,2019-12-08,2019-12-24,16,Closed,3,3,"$7,500.00",No,,,,$0.00,"$7,500.00",$0.00
202018,2020,18,"And now, for something completely different",Super Condensed,Lightning,jpotter,https://truedungeon.com/forum?view=topic&catid=584&id=250597,2019-10-26,2019-11-01,6,Closed,1,2,"$8,000.00",Yes,"$1,597.00",,,"$1,597.00","$6,403.00",$0.00
202019,2020,19, 8k Auction,Super Condensed,Fixed Date,Kakitahan,https://truedungeon.com/forum?view=topic&catid=584&id=250582,2019-10-23,2019-11-16,24,Closed,1,2,"$7,250.00",Yes,$788.00,,,$788.00,"$6,462.00",$16.00
202020,2020,20,Condensed 2020 $8k auction with Relics & Kilt,Condensed,Fixed Date,Cliff,https://truedungeon.com/forum?view=topic&catid=584&id=250724,2019-11-26,2019-12-06,10,Closed,2,3,"$7,500.00",Yes,$830.00,,,$830.00,"$6,670.00",$0.00
202021,2020,21,Post GHC 8k Token Auction 2020,Super Condensed,Fixed Date,Lord Brian,https://truedungeon.com/forum?view=topic&catid=584&id=250632,2019-11-03,2019-11-26,23,Closed,2,2,"$7,500.00",Yes,$186.00,,,$186.00,"$7,314.00",$0.00
202022,2020,22,2020 $8k Auction,Super Condensed,Fixed Date,Azzy,https://truedungeon.com/forum?view=topic&catid=584&id=250541,2019-10-08,2019-10-22,14,Closed,1,1,"$7,500.00",No,,,,$0.00,"$7,500.00",$24.00
20211,2021,1,Lightning Style 2021 Onyx Set Auction,Onyx Super Condensed,Lightning,Wade S,https://truedungeon.com/forum?view=topic&catid=584&id=251888,2020-10-01,2020-10-18,17,Closed,1,1,"$7,500.00",No,,,,$0.00,"$7,500.00",$32.00
20212,2021,2,2021 Onyx Super-Condensed Lightning Auction,Onyx Super Condensed,Fixed Date,Azzy,https://truedungeon.com/forum?view=topic&catid=584&id=252032,2020-10-26,2020-11-12,17,Closed,1,2,"$7,500.00",No,,,,$0.00,"$7,500.00",$24.00
20213,2021,3,Another 2021 Onyx Super-Condensed Lightning Auction,Onyx Super Condensed,Lightning,Ralykam,https://truedungeon.com/forum?view=topic&catid=584&id=252093,2020-11-12,2020-11-19,7,Closed,2,2,"$7,500.00",No,,,,$0.00,"$7,500.00",$16.00
20214,2021,4,Tyler-style Supercondensed Lightning,Super Condensed,Lightning,Tyler,https://truedungeon.com/forum?view=topic&catid=584&id=252126,2020-11-17,2020-12-16,29,Closed,2,3,"$8,000.00",Yes,$902.50,,,$902.50,"$7,097.50",$0.00
20215,2021,5,8k Augmented auction,Super Condensed,Lightning,jpotter,https://truedungeon.com/forum?view=topic&catid=584&id=252273,2020-12-13,2020-12-19,6,Closed,3,3,"$8,000.00",Yes,"$1,174.00",,,"$1,174.00","$6,826.00",$0.00
20216,2021,6,Another 2021 Super-Condensed Lightning Auction,Super Condensed,Lightning,ralykam,https://truedungeon.com/forum?view=topic&catid=584&id=252705,2021-03-30,2021-04-01,2,Closed,6,7,"$7,500.00",Yes,$195.00,,,$195.00,"$7,305.00",$0.00
20217,2021,7,8K super condensed auction,Super Condensed,Fixed Date,Miathin,https://truedungeon.com/forum?view=topic&catid=584&id=252597,2021-03-12,2021-03-19,7,Closed,6,6,"$7,400.00",No,,,,$0.00,"$7,400.00",$0.00
20218,2021,8,Not an April Fool's Joke Augmented 8K Auction,Super Condensed,Lightning,Wade S,https://truedungeon.com/forum?view=topic&catid=584&id=252713,2021-04-01,2021-04-03,2,Closed,7,7,"$7,600.00",Yes,$191.00,,,$191.00,"$7,409.00",$0.00
20219,2021,9,Once More with Feeling!,Super Condensed,Lightning,Wade S,https://truedungeon.com/forum?view=topic&catid=584&id=252725,2021-04-04,2021-04-11,7,Closed,7,7,"$7,500.00",Yes,$117.00,,,$117.00,"$7,383.00",$0.00
202110,2021,10,The Next 2021 8K Super-Condensed Lightning Style Auction,Super Condensed,Lightning,David Harris,https://truedungeon.com/forum?view=topic&catid=584&id=252798,2021-04-03,2021-04-27,24,Closed,7,7,"$7,500.00",Yes,$156.00,,,$156.00,"$7,344.00",$0.00
202111,2021,11,“O' For The Love...” 2021 $8k auction,Condensed,Lightning,Casey Wren,https://truedungeon.com/forum?view=topic&catid=584&id=252908,2021-04-27,2021-05-16,19,Closed,7,8,"$8,000.00",Yes,$877.50,,,$877.50,"$7,122.50",$0.00
202112,2021,12,Utaku's 8K Super Condensed Lightning Style Auction,Super Condensed,Lightning,Matt Soto,https://truedungeon.com/forum?view=topic&catid=584&id=253054,2021-05-26,2021-06-06,11,Closed,8,9,"$7,300.00",No,,,,$0.00,"$7,300.00",$0.00
202113,2021,13,8K Super-Condensed Lightning Style Auction,Super Condensed,Lightning,Scott,https://truedungeon.com/forum?view=topic&catid=584&id=252991,2021-05-06,2021-05-31,25,Closed,8,8,"$7,600.00",Yes,$175.00,,,$175.00,"$7,425.00",$0.00
202114,2021,14,Time for Another,Super Condensed,Lightning,Wade S,https://truedungeon.com/forum?view=topic&catid=584&id=253375,2021-08-19,2021-09-04,16,Closed,11,12,"$7,500.00",Yes,$165.00,,,$165.00,"$7,335.00",$0.00
202115,2021,15,SC 8K Lightning Auction,Super Condensed,Lightning,Matt Soto,https://truedungeon.com/forum?view=topic&catid=584&id=253486,2021-09-05,2021-09-20,15,Closed,12,12,"$7,500.00",No,,,,$0.00,"$7,500.00",$0.00
202116,2021,16, Let's Get it Started,Super Condensed,Lightning,Wade S,https://truedungeon.com/forum?view=topic&catid=584&id=253576,2021-09-29,2021-10-10,11,Closed,12,13,"$7,500.00",No,,,,$0.00,"$7,500.00",$0.00
202117,2021,17,2021 8K Super Cond Lightning(-ish) Auction!!!,Super Condensed,Lightning,Matt Soto,https://truedungeon.com/forum?view=topic&catid=584&id=253624,2021-10-10,2021-10-11,1,Closed,13,13,"$7,500.00",No,,,,$0.00,"$7,500.00",$0.00
202118,2021,18,Utaku's Auction Block: 8K Super Cond Lightning (-ish),Super Condensed,Lightning,Matt Soto,https://truedungeon.com/forum?view=topic&catid=584&id=253627,2021-10-11,2021-10-15,4,Closed,13,13,"$7,500.00",No,,,,$0.00,"$7,500.00",$0.00
202119,2021,19,Utaku's Auction Block: SC 8K Lightning-ish Auction,Super Condensed,Lightning,Matt Soto,https://truedungeon.com/forum?view=topic&catid=584&id=253649,2021-10-16,2021-10-21,5,Closed,13,13,"$7,500.00",No,,,,$0.00,"$7,500.00",$0.00
202120,2021,20,Utaku's Auction Block: 2021 8K Super Cond,Super Condensed,Lightning,Matt Soto,https://truedungeon.com/forum?view=topic&catid=584&id=253679,2021-10-21,2021-10-27,6,Closed,13,13,"$7,500.00",No,,,,$0.00,"$7,500.00",$0.00
202121,2021,21,The FINAL Countdown 2021 8k Auction,Super Condensed,Fixed Date,Casey Wren,https://truedungeon.com/forum?view=topic&catid=584&id=253721,2021-10-28,2021-10-31,3,Closed,13,13,"$8,000.00",Yes,$720.00,,,$720.00,"$7,280.00",$0.00
202122,2021,22,Super Condensed 8k Auction,Super Condensed,Lightning,Josh M,https://truedungeon.com/forum?view=topic&catid=584&id=253182,2021-06-21,2021-07-20,29,Closed,9,10,"$7,500.00",Yes,$285.00,,,$285.00,"$7,215.00",$0.00
202123,2021,23,8k Super-Condensed Token Auction 2021,Super Condensed,Lightning,Lord Brian,https://truedungeon.com/forum?view=topic&catid=584&id=252325,2020-12-22,2021-01-04,13,Closed,3,4,"$7,500.00",Yes,$306.00,,,$306.00,"$7,194.00",$0.00
202124,2021,24,8k Super Condensed SUCCESSFUL,Super Condensed,Fixed Date,Josh M,https://truedungeon.com/forum?view=topic&catid=584&id=252382,2021-01-21,2021-01-31,10,Closed,4,4,"$7,500.00",Yes,$341.75,,,$341.75,"$7,158.25",$0.00
20221,2022,1,Fred and Friends 2022 pre-order auction ,Super Condensed,Lightning,Fred K,https://truedungeon.com/forum?view=topic&catid=584&id=253708,2021-11-06,2021-11-06,1,Closed,1,1,"$7,500.00",Yes,$705.00,,,$705.00,"$6,795.00",$0.00
20222,2022,2,Kurtreznor's 2022 ONYX 8k Auction,Onyx Super Condensed,Lightning,kurtreznor,https://truedungeon.com/forum?view=topic&catid=584&id=253712,2021-11-06,2021-11-11,5,Closed,1,1,"$8,000.00",Yes,$494.50,,,$494.50,"$7,505.50",$72.00
20223,2022,3,8K SC Pre-Order #1 LIGHTNING Auction,Super Condensed,Lightning,Matt Soto,https://truedungeon.com/forum?view=topic&catid=584&id=253761,2021-11-06,2021-11-07,1,Closed,1,1,"$7,500.00",No,,,,$0.00,"$7,500.00",$40.00
20224,2022,4,8K ONYX SC Pre-Order #2 LIGHTNING Auction,Onyx Super Condensed,Lightning,Matt Soto,https://truedungeon.com/forum?view=topic&catid=584&id=253782,2021-11-07,2021-11-08,1,Closed,1,1,"$7,500.00",No,,,,$0.00,"$7,500.00",$48.00
20225,2022,5,8K ONYX CONDENSED Pre-Order #3 LIGHTNING Auction,Onyx Condensed,Lightning,Matt Soto,https://truedungeon.com/forum?view=topic&catid=584&id=253785,2021-11-08,2021-11-10,2,Closed,1,1,"$7,500.00",No,,,,$0.00,"$7,500.00",$32.00
20226,2022,6,2022 “Good Ol' Fashion” Auction with random URs,Super Condensed,Fixed Date,Casey Wren,https://truedungeon.com/forum?view=topic&catid=584&id=253775,2021-11-06,2021-11-10,4,Closed,1,1,"$8,000.00",No,,,,$0.00,"$8,000.00",$64.00
20227,2022,7,8K ONYX SC Pre-Order #4 LIGHTNING Auction,Onyx Super Condensed,Lightning,Matt Soto,https://truedungeon.com/forum?view=topic&catid=584&id=253806,2021-11-11,2021-11-12,1,Closed,1,1,"$7,600.00",No,,,,$0.00,"$7,600.00",$32.00
20228,2022,8,8K ONYX SC Pre-Order #5 LIGHTNING Auction,Onyx Super Condensed,Lightning,Matt Soto,https://truedungeon.com/forum?view=topic&catid=584&id=253813,2021-11-12,2021-11-13,1,Closed,1,1,"$7,500.00",No,,,,$0.00,"$7,500.00",$64.00
20229,2022,9,8K ONYX SC Pre-Order #6 LIGHTNING Auction,Onyx Super Condensed,Lightning,Matt Soto,https://truedungeon.com/forum?view=topic&catid=584&id=253825,2021-11-14,2021-11-16,2,Closed,1,1,"$7,600.00",No,,,,$0.00,"$7,600.00",$40.00
202210,2022,10,8K ONYX SC Pre-Order #7 LIGHTNING,Onyx Super Condensed,Lightning,Matt Soto,https://truedungeon.com/forum?view=topic&catid=584&id=253841,2021-11-16,2021-11-17,1,Closed,1,1,"$7,600.00",No,,,,$0.00,"$7,600.00",$48.00
202211,2022,11,(Token of Time),Super Condensed,Lightning,Lord Brian,https://truedungeon.com/forum?view=topic&catid=584&id=253807,2021-11-11,2021-11-17,6,Closed,1,1,"$7,500.00",No,,,,$0.00,"$7,500.00",$48.00
202212,2022,12,UTC: 8K ONYX SC Pre-Order #8,Onyx Super Condensed,Lightning,Matt Soto,https://truedungeon.com/forum?view=topic&catid=584&id=253849,2021-11-17,2021-11-20,3,Closed,1,1,"$7,600.00",No,,,,$0.00,"$7,600.00",$40.00
202213,2022,13,2022 Auction #1 - Lightning Style,Onyx Super Condensed,Lightning,Edwin,https://truedungeon.com/forum?view=topic&catid=584&id=253875,2021-11-21,2021-11-24,3,Closed,1,1,"$7,450.00",No,,,,$0.00,"$7,450.00",$32.00
202214,2022,14,2022 Auction #2,Onyx Super Condensed,Lightning,Edwin,https://truedungeon.com/forum?view=topic&catid=584&id=253893,2021-11-24,2021-11-27,3,Closed,1,1,"$7,300.00",No,,,,$0.00,"$7,300.00",$64.00
202215,2022,15,UTC: 8K ONYX SC Pre-Ord #9 LIGHTNING Auction,Onyx Super Condensed,Lightning,Matt Soto,https://truedungeon.com/forum?view=topic&catid=584&id=253880,2021-11-22,2021-11-28,6,Closed,1,1,"$7,500.00",No,,,,$0.00,"$7,500.00",$40.00
202216,2022,16,Super Condensed Non-Onyx With Mage Medallion,Super Condensed,Lightning,Josh M,https://truedungeon.com/forum?view=topic&catid=584&id=253774,2021-11-06,2021-11-16,10,Closed,1,1,"$7,500.00",Yes,$368.00,,,$368.00,"$7,132.00",$32.00
202217,2022,17,2022 Non Onyx Super Condensed Lightning Auction,Super Condensed,Lightning,WM13,https://truedungeon.com/forum?view=topic&catid=584&id=253848,2021-11-17,2021-11-21,4,Closed,1,1,"$7,200.00",Yes,$97.50,,,$97.50,"$7,102.50",$40.00
202218,2022,18,2022 Auction #3 - Lightning Style,Super Condensed,Lightning,Edwin,https://truedungeon.com/forum?view=topic&catid=584&id=253900,2021-11-27,2021-11-30,3,Closed,1,1,"$7,300.00",No,,,,$0.00,"$7,300.00",$0.00
202219,2022,19,Just Another 2022 Onyx Lightning Auction,Onyx Super Condensed,Lightning,Ralykam,https://truedungeon.com/forum?view=topic&catid=584&id=253786,2021-11-08,2021-11-16,8,Closed,1,1,"$7,500.00",No,,,,$0.00,"$7,500.00",$32.00
202220,2022,20,2022 Auction #4 - Lightning Style,Super Condensed,Lightning,Edwin,https://truedungeon.com/forum?view=topic&catid=584&id=253913,2021-11-30,2021-12-04,4,Closed,1,1,"$7,300.00",No,,,,$0.00,"$7,300.00",$0.00
202221,2022,21,2022 Onyx Pre Order Auction,Onyx Super Condensed,Lightning,Wade S,https://truedungeon.com/forum?view=topic&catid=584&id=253772,2021-11-06,2021-11-08,2,Closed,1,1,"$7,500.00",No,,,,$0.00,"$7,500.00",$32.00
202222,2022,22,8K ONYX SC Pre-Order #10,Onyx Super Condensed,Lightning,Matt Soto,https://truedungeon.com/forum?view=topic&catid=584&id=253922,2021-12-01,2021-12-15,14,Closed,1,2,"$7,500.00",No,,,,$0.00,"$7,500.00",$0.00
202223,2022,23,2022 Auction #5 - Lightning Style,Super Condensed,Lightning,Edwin,https://truedungeon.com/forum?view=topic&catid=584&id=253932,2021-12-04,2021-12-13,9,Closed,1,2,"$7,150.00",No,,,,$0.00,"$7,150.00",$0.00
202224,2022,24, 8K ONYX SC PO #11 LIGHTNING,Onyx Super Condensed,Lightning,Matt Soto,https://truedungeon.com/forum?view=topic&catid=584&id=253973,2021-12-15,2022-01-01,17,Closed,2,2,"$7,400.00",No,,,,$0.00,"$7,400.00",$0.00
202225,2022,25,American Cancer Society 8k Benefit Auction,Super Condensed,Lightning,Casey Wren,https://truedungeon.com/forum?view=topic&catid=584&id=253917,2021-12-01,2021-12-27,26,Closed,1,2,"$8,000.00",Yes,$281.00,,,$281.00,"$7,719.00",$0.00
202226,2022,26,UTC: 8K SUPER CONDENSED LIGHTNING #12,Super Condensed,Lightning,Matt Soto,https://truedungeon.com/forum?view=topic&catid=584&id=254014,2022-01-02,2022-01-13,11,Closed,2,3,"$7,400.00",No,,,,$0.00,"$7,400.00",$0.00
202227,2022,27,2022 laz token order auction #1,Super Condensed,Fixed Date,Laz,https://truedungeon.com/forum?view=topic&catid=584&id=253931,2021-12-04,2021-12-28,24,Closed,1,2,"$7,200.00",No,,,,$0.00,"$7,200.00",$0.00
202228,2022,28,One more (before preorder end),Super Condensed,Lightning,WM13,https://truedungeon.com/forum?view=topic&catid=584&id=254037,2022-01-07,2022-01-15,8,Closed,3,3,"$7,400.00",No,,,,$0.00,"$7,400.00",$0.00
202229,2022,29,8K SC Pre-Order #13 LIGHTNING Auction,Super Condensed,Lightning,Matt Soto,https://truedungeon.com/forum?view=topic&catid=584&id=254057,2022-01-14,2022-01-16,2,Closed,3,3,"$7,400.00",No,,,,$0.00,"$7,400.00",$0.00
202230,2022,30,12 Days Xmas Auction,Super Condensed,Lightning,Edwin,https://truedungeon.com/forum?view=topic&catid=584&id=253966,2021-12-13,2022-01-07,25,Closed,2,3,"$7,150.00",No,,,,$0.00,"$7,150.00",$0.00
202231,2022,31,AND THE KITCHEN SINK,Super Condensed,Semi-Lightning,jpotter,https://truedungeon.com/forum?view=topic&catid=584&id=254104,2022-01-22,2022-01-24,2,Closed,3,3,"$8,000.00",Yes,"$1,251.00",,,"$1,251.00","$6,749.00",$0.00
202232,2022,32,Another Augmented Auction,Super Condensed,Semi-Lightning,Ralykam,https://truedungeon.com/forum?view=topic&catid=584&id=254151,2022-02-04,2022-02-15,11,Closed,3,4,"$7,500.00",Yes,$565.00,,,$565.00,"$6,935.00",$0.00
202233,2022,33,Augmented 8K Auction,Super Condensed,Semi-Lightning,Wade S,https://truedungeon.com/forum?view=topic&catid=584&id=254135,2022-01-28,2022-02-05,8,Closed,3,3,"$8,000.00",Yes,$478.50,,,$478.50,"$7,521.50",$0.00
202234,2022,34,UTC: 8K ONYX SC LIGHTNING,Onyx Super Condensed,Lightning,Matt Soto,https://truedungeon.com/forum?view=topic&catid=584&id=254179,2022-02-16,2022-02-27,11,Closed,4,4,"$7,600.00",No,,,,$0.00,"$7,600.00",$0.00
202235,2022,35,Beertram's 8K Super-Condensed Auction,Super Condensed,Semi-Lightning,Beertram,https://truedungeon.com/forum?view=topic&catid=584&id=254175,2022-02-15,2022-02-26,11,Closed,4,4,"$8,000.00",Yes,$695.00,,,$695.00,"$7,305.00",$0.00
202236,2022,36,Flik's Augmented Auction,Super Condensed,Semi-Lightning,Flik,https://truedungeon.com/forum?view=topic&catid=584&id=254160,2022-02-11,2022-03-17,34,Closed,4,5,"$8,000.00",Yes,$485.00,,,$485.00,"$7,515.00",$0.00
202237,2022,37,8K SUPER CONDENSED LIGHTNING AUCTION,Super Condensed,Lightning,Matt Soto,https://truedungeon.com/forum?view=topic&catid=584&id=254232,2022-03-01,2022-03-20,19,Closed,4,5,"$7,500.00",No,,,,$0.00,"$7,500.00",$0.00
202238,2022,38,8K ONYX SC LNG (Sponsored by Mike Steele),Onyx Super Condensed,Lightning,Matt Soto,https://truedungeon.com/forum?view=topic&catid=584&id=254276,2022-03-16,2022-04-02,17,Closed,5,5,"$7,500.00",No,,,,$0.00,"$7,500.00",$0.00
202239,2022,39,Beertram's Next Augmented Super Condensed 8K Auction,Super Condensed,Lightning,Beertram,https://truedungeon.com/forum?view=topic&catid=584&id=254295,2022-03-19,2022-04-09,21,Closed,5,6,"$8,000.00",Yes,$481.00,,,$481.00,"$7,519.00",$0.00
202240,2022,40,Another Amazing Augmented 8K Auction!,Super Condensed,Lightning,Wade S,https://truedungeon.com/forum?view=topic&catid=584&id=254413,2022-04-08,2022-04-26,18,Closed,6,6,"$8,000.00",Yes,$545.00,,,$545.00,"$7,455.00",$0.00
202241,2022,41,UTC: 8K SC LIGHTNING AUCTION (Sponsored by Zorblak),Super Condensed,Lightning,Matt Soto,https://truedungeon.com/forum?view=topic&catid=584&id=254455,2022-04-15,2022-05-10,25,Closed,6,7,"$7,500.00",No,,,,$0.00,"$7,500.00",$0.00
202242,2022,42,UTC: 8K SC LIGHTNING AUCTION,Super Condensed,Lightning,Matt Soto,https://truedungeon.com/forum?view=topic&catid=584&id=254623,2022-05-15,2022-05-29,14,Closed,7,7,"$7,500.00",No,,,,$0.00,"$7,500.00",$0.00
202243,2022,43,Beertram's Third Augmented Super Condensed 8K Auction,Super Condensed,Semi-Lightning,Beertram,https://truedungeon.com/forum?view=topic&catid=584&id=254692,2022-05-23,2022-06-04,12,Closed,7,7,"$8,000.00",Yes,$885.00,,,$885.00,"$7,115.00",$0.00
202244,2022,44,UTC: 8K SC LIGHTNING AUCTION,Super Condensed,Semi-Lightning,Matt Soto,https://truedungeon.com/forum?view=topic&catid=584&id=254792,2022-06-01,2022-06-13,12,Closed,7,8,"$7,500.00",No,,,,$0.00,"$7,500.00",$0.00
202245,2022,45,UTC: 8K ONYX-ISH SC LIGHTNING AUCTION,Onyx Super Condensed,Lightning,Matt Soto,https://truedungeon.com/forum?view=topic&catid=584&id=254932,2022-06-23,2022-07-07,14,Closed,8,9,"$7,500.00",No,,,,$0.00,"$7,500.00",$0.00
202246,2022,46,A Pre-GenCon Lightning Auction (now in Augmented!),Super Condensed,Lightning,Ralykam,https://truedungeon.com/forum?view=topic&catid=584&id=254931,2022-06-23,2022-07-10,17,Closed,8,9,"$7,500.00",Yes,$85.00,,,$85.00,"$7,415.00",$0.00
202247,2022,47,Sizzling Summer augmented 8K,Super Condensed,Lightning,Casey Wren,https://truedungeon.com/forum?view=topic&catid=584&id=254943,2022-06-25,2022-07-19,24,Closed,8,9,"$8,000.00",Yes,$426.00,,,$426.00,"$7,574.00",$0.00
202248,2022,48,UTC: 8K SC LIGHTNING AUCTION (Sponsored by Krym),Super Condensed,Lightning,Matt Soto,https://truedungeon.com/forum?view=topic&catid=584&id=255063,2022-07-08,2022-08-12,35,Closed,9,10,"$7,500.00",No,,,,$0.00,"$7,500.00",$0.00
202249,2022,49,Post GenCon Lightning Augmented 8k,Super Condensed,Lightning,WM13,https://truedungeon.com/forum?view=topic&catid=584&id=255290,2022-08-11,2022-08-31,20,Closed,10,10,"$8,000.00",Yes,"$1,150.00",,,"$1,150.00","$6,850.00",$0.00
202250,2022,50,UTC: 8K SC LIGHTNING AUCTION,Super Condensed,Lightning,Matt Soto,https://truedungeon.com/forum?view=topic&catid=584&id=255370,2022-08-27,2022-09-21,25,Closed,10,11,"$7,500.00",Yes,,$115.00,,$115.00,"$7,385.00",$0.00
20231,2023,1,UTC Auction House 1,Onyx Super Condensed,Lightning,Matt Soto,https://truedungeon.com/forum?view=topic&catid=584&id=255503,2022-10-04,2022-10-04,1,Closed,1,1,"$7,500.00",No,,,,$0.00,"$7,500.00",$24.00
20232,2023,2,UTC Auction House 2,Onyx Super Condensed,Lightning,Matt Soto,https://truedungeon.com/forum?view=topic&catid=584&id=255534,2022-10-04,2022-10-05,1,Closed,1,1,"$7,500.00",No,,,,$0.00,"$7,500.00",$24.00
20233,2023,3,"2023's ""Tyler-Style"" Auction",Super Condensed,Lightning,Tyler,https://truedungeon.com/forum?view=topic&catid=584&id=255505,2022-10-04,2022-10-05,1,Closed,1,1,"$8,000.00",Yes,"$1,061.00",,,"$1,061.00","$6,939.00",$32.00
20234,2023,4,UTC Auction House 3,Super Condensed,Lightning,Matt Soto,https://truedungeon.com/forum?view=topic&catid=584&id=255544,2022-10-05,2022-10-06,1,Closed,1,1,"$7,500.00",No,,,,$0.00,"$7,500.00",$16.00
20235,2023,5,UTC Auction House 4,Onyx Super Condensed,Lightning,Matt Soto,https://truedungeon.com/forum?view=topic&catid=584&id=255549,2022-10-06,2022-10-08,2,Closed,1,1,"$7,500.00",No,,,,$0.00,"$7,500.00",$16.00
20236,2023,6,2023 ULTRA Condensed Augmented 8K Pre-Order Auction,Ultra Condensed,Lightning,Casey Wren,https://truedungeon.com/forum?view=topic&catid=584&id=255533,2022-10-05,2022-10-10,5,Closed,1,1,"$8,000.00",Yes,$647.00,,-$587.00,$60.00,"$7,940.00",$8.00
20237,2023,7,2023 Onyx Auction,Onyx Super Condensed,Lightning,Wade S,https://truedungeon.com/forum?view=topic&catid=584&id=255504,2022-10-04,2022-10-11,7,Closed,1,1,"$7,500.00",No,,,,$0.00,"$7,500.00",$8.00
20238,2023,8,UTC Auction House 5,Onyx Super Condensed,Lightning,Matt Soto,https://truedungeon.com/forum?view=topic&catid=584&id=255568,2022-10-06,2022-10-13,7,Closed,1,1,"$7,500.00",No,,,,$0.00,"$7,500.00",$16.00
20239,2023,9,UTC Auction House 6,Super Condensed,Lightning,Matt Soto,https://truedungeon.com/forum?view=topic&catid=584&id=255603,2022-10-13,2022-10-15,2,Closed,1,1,"$7,500.00",No,,,,$0.00,"$7,500.00",$16.00
202310,2023,10,(Token of Time) 2023 8k Super-Condensed Auction,Super Condensed,Lightning,Lord Brian,https://truedungeon.com/forum?view=topic&catid=584&id=255570,2022-10-11,2022-10-21,10,Closed,1,1,"$7,500.00",Yes,$435.00,,,$435.00,"$7,065.00",$16.00
202311,2023,11,UTC Auction House 7,Super Condensed,Lightning,Matt Soto,https://truedungeon.com/forum?view=topic&catid=584&id=255608,2022-10-13,2022-10-24,11,Closed,1,1,"$7,500.00",No,,,,$0.00,"$7,500.00",$16.00
202312,2023,12,Flik's Augmented Standard Auction,Super Condensed,Lightning,Flik,https://truedungeon.com/forum?view=topic&catid=584&id=255545,2022-10-05,2022-10-27,22,Closed,1,1,"$8,000.00",Yes,"$1,047.00",,-$318.25,$728.75,"$7,271.25",$32.00
202313,2023,13,UTC Auction House 8,Onyx Super Condensed,Lightning,Matt Soto,https://truedungeon.com/forum?view=topic&catid=584&id=255642,2022-10-24,2022-10-27,3,Closed,1,1,"$7,500.00",No,,,,$0.00,"$7,500.00",$24.00
202314,2023,14,Trent Auction 1,Ultra Condensed,Lightning,Trent,https://www.trenttokens.com/collections/current-auction,2022-10-30,2022-11-01,2,Closed,1,1,"$7,500.00",No,,,,$0.00,"$7,500.00",$8.00
202315,2023,15,UTC Auction House 9,Onyx Super Condensed,Lightning,Matt Soto,https://truedungeon.com/forum?view=topic&catid=584&id=255658#436494,2022-10-27,2022-11-06,10,Closed,1,2,"$7,500.00",No,,,,$0.00,"$7,500.00",$16.00
202316,2023,16,Trent Auction 2,Ultra Condensed,Lightning,Trent,https://www.trenttokens.com/collections/current-auction,2022-11-01,2022-11-06,5,Closed,1,2,"$7,500.00",No,,,,$0.00,"$7,500.00",$11.20
202317,2023,17,Trent Auction 3,Ultra Condensed,Lightning,Trent,https://www.trenttokens.com/collections/current-auction,2022-11-06,2022-11-08,2,Closed,2,2,"$7,500.00",No,,,,$0.00,"$7,500.00",$9.92
202318,2023,18,Trent Auction 4,Ultra Condensed,Lightning,Trent,https://www.trenttokens.com/collections/current-auction,2022-11-08,2022-11-09,1,Closed,2,2,"$7,500.00",No,,,,$0.00,"$7,500.00",$14.08
202319,2023,19,UTC Auction House 10,Onyx Super Condensed,Lightning,Matt Soto,https://truedungeon.com/forum?view=topic&catid=584&id=255691#436975,2022-11-06,2022-11-12,6,Closed,2,2,"$7,500.00",No,,,,$0.00,"$7,500.00",$24.00
202320,2023,20,LAZ's preorder super condensed auction,Super Condensed,Lightning,Laz,https://truedungeon.com/forum?view=topic&catid=584&id=255675,2022-11-01,2022-11-14,13,Closed,1,2,"$7,500.00",No,,,,$0.00,"$7,500.00",$24.00
202321,2023,21,American Cancer Society Holiday 8k Benefit Auction,Super Condensed,Fixed Date,Casey Wren,https://truedungeon.com/forum?view=topic&catid=584&id=255655#436464,2022-10-26,2022-11-16,21,Closed,1,2,"$8,000.00",Yes,"$2,187.00",,,"$2,187.00","$5,813.00",$16.00
202322,2023,22,Trent Auction 5,Ultra Condensed,Lightning,Trent,https://www.trenttokens.com/collections/current-auction,2022-11-08,2022-11-16,8,Closed,2,2,"$7,500.00",No,,,,$0.00,"$7,500.00",$17.92
202323,2023,23,UTC Auction House 11,Onyx Super Condensed,Lightning,Matt Soto,https://truedungeon.com/forum?view=topic&catid=584&id=255739,2022-11-12,2022-11-19,7,Closed,2,2,"$7,500.00",No,,,,$0.00,"$7,500.00",$16.00
202324,2023,24,Super Condensed Lightning Auction 34 Ultra Rares,Super Condensed,Lightning,WM13,https://truedungeon.com/forum?view=topic&catid=584&id=255663#436510,2022-10-28,2022-11-20,23,Closed,1,2,"$7,500.00",No,,,,$0.00,"$7,500.00",$16.00
202325,2023,25,(Potter Head) 2023 8K Super-Condenesed Auction),Super Condensed,Fixed Date,Steve,https://truedungeon.com/forum?view=topic&catid=584&id=255742,2022-11-14,2022-11-24,10,Closed,2,2,"$7,500.00",Yes,$227.00,,,$227.00,"$7,273.00",$16.00
202326,2023,26,Trent Auction 6,Ultra Condensed,Lightning,Trent,https://www.trenttokens.com/collections/current-auction,2022-11-16,2022-11-26,10,Closed,2,2,"$7,500.00",No,,,,$0.00,"$7,500.00",$9.92
202327,2023,27,Orion's Super Condensed Lightning Auction,Super Condensed,Lightning,Orion W,https://truedungeon.com/forum?view=topic&catid=584&id=255779,2022-11-28,2022-12-05,7,Closed,2,3,"$7,500.00",Yes,"$1,808.00",,-$860.00,$948.00,"$6,552.00",$16.00
202328,2023,28,UTC Auction House 12,Super Condensed,Lightning,Matt Soto,https://truedungeon.com/forum?view=topic&catid=584&id=255755,2022-11-19,2022-12-07,18,Closed,2,3,"$7,500.00",No,,,,$0.00,"$7,500.00",$32.00
202329,2023,29,LAZ's preorder reg condensed auction ,Onyx Condensed,Lightning,Laz,https://truedungeon.com/forum?view=topic&catid=584&id=255773#437874,2022-11-25,2022-12-08,13,Closed,2,3,"$7,500.00",No,,,,$0.00,"$7,500.00",$32.00
202330,2023,30,Trent Auction 7,Ultra Condensed,Lightning,Trent,https://www.trenttokens.com/collections/current-auction,2022-11-26,2022-12-09,13,Closed,2,3,"$7,500.00",No,,,,$0.00,"$7,500.00",$17.92
202331,2023,31,Beertram's Augmented Onyx 8K Auction,Onyx Super Condensed,Lightning,Beertram,https://truedungeon.com/forum?view=topic&catid=584&id=255748,2022-11-17,2022-12-11,24,Closed,2,3,"$8,000.00",Yes,$942.00,,-$350.99,$591.01,"$7,408.99",$32.00
202332,2023,32,Chaosorbit's 8K Lightning Style Super Condensed Auction,Super Condensed,Lightning,David Harris,https://truedungeon.com/forum?view=topic&catid=584&id=255791,2022-12-01,2022-12-14,13,Closed,2,3,"$7,200.00",Yes,,$55.00,,$55.00,"$7,145.00",$24.00
202333,2023,33,UTC Auction House 13,Onyx Super Condensed,Lightning,Matt Soto,https://truedungeon.com/forum?view=topic&catid=584&id=255812,2022-12-07,2022-12-15,8,Closed,3,3,"$7,500.00",No,,,,$0.00,"$7,500.00",$8.00
202334,2023,34,24 hour $8k auction For the Love of TD,Super Condensed,Fixed Date,Casey Wren,https://truedungeon.com/forum?view=topic&catid=584&id=255850,2022-12-15,2022-12-16,1,Closed,3,3,"$8,000.00",Yes,"$1,401.00",$155.00,-$350.99,"$1,205.01","$6,794.99",$24.00
202335,2023,35,Trent Auction 8,Onyx Ultra Condensed,Lightning,Trent,https://www.trenttokens.com/collections/current-auction,2022-12-09,2022-12-21,12,Closed,3,3,"$7,500.00",No,,,,$0.00,"$7,500.00",$16.00
202336,2023,36,Kusig's New Years Onyx 8k Auction,Onyx Super Condensed,Lightning,Kusig,https://truedungeon.com/forum?view=topic&catid=584&id=255867,2022-12-30,2023-02-08,40,Closed,3,5,"$7,500.00",Yes,,$127.00,,$127.00,"$7,373.00",$0.00
202337,2023,37,Raly's Super Condensed Auction,Ultra Condensed,Lightning,Ralykam,https://truedungeon.com/forum?view=topic&defaultmenu=141&catid=584&id=255906&start=0,2023-01-13,2023-02-04,22,Closed,4,5,"$7,500.00",Yes,$602.00,$125.00,,$727.00,"$6,773.00",$0.00
202338,2023,38,UTC Auction House 14,Super Condensed,Lightning,Matt Soto,https://truedungeon.com/forum?view=topic&catid=584&id=255923,2023-01-16,2023-02-04,19,Closed,4,5,"$7,500.00",No,,,,$0.00,"$7,500.00",$0.00
202339,2023,39,Trent Auction 10,Ultra Condensed,Lightning,Trent,https://www.trenttokens.com/collections/current-auction,2023-02-05,2023-02-07,2,Closed,5,5,"$7,500.00",No,,,,$0.00,"$7,500.00",$0.00
202340,2023,40,Trent Auction 11,Ultra Condensed,Lightning,Trent,https://www.trenttokens.com/collections/current-auction,2023-02-07,2023-02-19,12,Closed,5,5,"$7,500.00",No,,,,$0.00,"$7,500.00",$0.00
202341,2023,41,Trent Auction 12,Ultra Condensed,Lightning,Trent,https://www.trenttokens.com/collections/current-auction,2023-02-20,2023-02-24,4,Closed,5,5,"$7,500.00",No,,,,$0.00,"$7,500.00",$0.00
202342,2023,42,UTC Auction House 15,Super Condensed,Lightning,Matt Soto,https://truedungeon.com/forum?view=topic&catid=584&id=256004,2023-02-15,2023-02-25,10,Closed,5,5,"$7,500.00",Yes,,$95.00,,$95.00,"$7,405.00",$0.00
202343,2023,43,Trent Auction 13,Ultra Condensed,Lightning,Trent,https://www.trenttokens.com/collections/current-auction,2023-02-25,2023-03-08,11,Closed,5,6,"$7,500.00",No,,,,$0.00,"$7,500.00",$0.00
202344,2023,44,Trent Auction 14,Ultra Condensed,Lightning,Trent,https://www.trenttokens.com/collections/current-auction,2023-03-08,2023-03-12,4,Closed,6,6,"$7,500.00",No,,,,$0.00,"$7,500.00",$0.00
202345,2023,45,Trent Auction 15,Ultra Condensed,Lightning,Trent,https://www.trenttokens.com/collections/current-auction,2023-03-12,2023-03-21,9,Closed,6,6,"$7,500.00",No,,,,$0.00,"$7,500.00",$0.00
202346,2023,46,Kusig's MomoCon Aug'd Onyx 8k Auction,Onyx Super Condensed,Lightning,Kusig,https://truedungeon.com/forum?view=topic&catid=584&id=256131,2023-03-10,2023-03-23,13,Closed,6,6,"$8,000.00",Yes,"$1,058.00",$212.00,,"$1,270.00","$6,730.00",$0.00
202347,2023,47,UTC Auction House 16,Super Condensed,Lightning,Matt Soto,https://truedungeon.com/forum?view=topic&catid=584&id=256147,2023-03-15,2023-05-25,71,Closed,6,8,"$7,500.00",Yes,,$160.00,,$160.00,"$7,340.00",$0.00
202348,2023,48,Trent Auction 16,Ultra Condensed,Lightning,Trent,https://www.trenttokens.com/collections/current-auction,2023-03-21,2023-06-04,75,Closed,6,9,"$7,500.00",Yes,,$100.00,,$100.00,"$7,400.00",$0.00
202349,2023,49,Summertime Super Condensed 8k Lightning Auction,Super Condensed,Lightning,Josh M,https://truedungeon.com/forum?view=topic&catid=584&id=256505,2023-06-26,2023-07-27,31,Closed,9,10,"$7,320.00",Yes,$310.00,$200.00,-$184.41,$325.59,"$6,994.41",$0.00
202350,2023,50,Beertram's Augmented Condensed 8K Auction. Free GHC Pick-up!,Super Condensed,Lightning,Beertram,https://truedungeon.com/forum?view=topic&catid=584&id=256838,2023-08-19,2023-09-04,16,Closed,11,12,"$8,000.00",Yes,"$1,025.00",$362.25,-$541.74,$845.51,"$7,154.49",$0.00
202351,2023,51,THE FINAL COUNTDOWN Augmented 8k Auction,Super Condensed,Lightning,Casey Wren,https://truedungeon.com/forum?view=topic&catid=584&id=256881,2023-09-04,2023-09-15,11,Closed,12,12,"$8,000.00",Yes,$859.00,$592.00,-$541.74,$909.26,"$7,090.74",$0.00
20241,2024,1,Trent Auction 1,Ultra Condensed,Lightning,Trent,https://www.trenttokens.com/collections/current-auction,2023-09-26,2023-09-26,1,Closed,1,1,"$7,500.00",No,,,,$0.00,"$7,500.00",$22.08
20242,2024,2,2024 ULTRA CONDENSED $8k Augmented Preorder Auction,Ultra Condensed,Lightning,Casey Wren,https://www.truedungeon.com/forum?view=topic&catid=584&id=256951,2023-09-26,2023-10-07,11,Closed,1,1,"$8,000.00",Yes,"$1,005.00",,-$306.78,$698.22,"$7,301.78",$16.00
20243,2024,3,2024 Pre-Order Onyx Lightning Auction,Onyx Super Condensed,Lightning,Wade S,https://truedungeon.com/forum?view=topic&catid=584&id=256952,2023-09-26,2023-10-11,15,Closed,1,1,"$7,500.00",No,,,,$0.00,"$7,500.00",$48.00
20244,2024,4,Pudnorts 2024 $8k Auction House,Ultra Condensed,Lightning,COREY PARISEAU,https://www.truedungeon.com/forum?view=topic&catid=584&id=256954#450140,2023-09-26,2023-10-05,9,Closed,1,1,"$8,000.00",Yes,"$1,135.00",$70.00,-$335.29,$869.71,"$7,130.29",$20.16
20245,2024,5,Trent Auction 2,Ultra Condensed,Lightning,Trent,https://www.trenttokens.com/collections/current-auction,2023-09-26,2023-09-27,1,Closed,1,1,"$7,500.00",No,,,,$0.00,"$7,500.00",$16.00
20246,2024,6,WORLD PREMIER Augmented SAFEHOLD Super Condensed Onyx 8K,Safehold Onyx Super Condensed,Lightning,Beertram,https://truedungeon.com/forum?view=topic&catid=584&id=256967,2023-09-27,2023-10-28,31,Closed,1,2,"$8,000.00",Yes,"$1,295.00",,"-$1,441.76",-$146.76,"$8,146.76",$16.00
20247,2024,7,Trent Auction 3,Ultra Condensed,Lightning,Trent,https://www.trenttokens.com/collections/current-auction,2023-09-27,2023-09-28,1,Closed,1,1,"$7,500.00",No,,,,$0.00,"$7,500.00",$18.56
20248,2024,8,Trent Auction 4,Ultra Condensed,Lightning,Trent,https://www.trenttokens.com/collections/current-auction,2023-09-28,2023-09-30,2,Closed,1,1,"$7,500.00",No,,,,$0.00,"$7,500.00",$18.24
20249,2024,9,Trent Auction 5,Ultra Condensed,Lightning,Trent,https://www.trenttokens.com/collections/current-auction,2023-09-30,2023-09-30,1,Closed,1,1,"$7,500.00",No,,,,$0.00,"$7,500.00",$20.16
202410,2024,10,Trent Auction 6,Ultra Condensed,Lightning,Trent,https://www.trenttokens.com/collections/current-auction,2023-09-30,2023-10-02,2,Closed,1,1,"$7,500.00",No,,,,$0.00,"$7,500.00",$18.24
202411,2024,11,Trent Auction 7,Ultra Condensed,Lightning,Trent,https://www.trenttokens.com/collections/current-auction,2023-10-02,2023-10-03,1,Closed,1,1,"$7,500.00",No,,,,$0.00,"$7,500.00",$18.24
202412,2024,12,Trent Auction 8,Ultra Condensed,Lightning,Trent,https://www.trenttokens.com/collections/current-auction,2023-10-03,2023-10-08,5,Closed,1,1,"$7,500.00",No,,,,$0.00,"$7,500.00",$20.16
202413,2024,13,Flik's 2024 Augmented Standard Auction,Ultra Condensed,Lightning,Flik,https://truedungeon.com/forum?view=topic&catid=584&id=256997#450395,2023-10-05,2023-11-09,35,Closed,1,2,"$8,000.00",Yes,"$1,054.50",,-$613.56,$440.94,"$7,559.06",$24.00
202414,2024,14,Trent Auction 9,Ultra Condensed,Lightning,Trent,https://www.trenttokens.com/collections/current-auction,2023-10-08,2023-10-13,5,Closed,1,1,"$7,500.00",No,,,,$0.00,"$7,500.00",$24.00
202415,2024,15,Fred's 2024 Pre-Order Auction w Extras!,Ultra Condensed,Lightning,Fred K,https://truedungeon.com/forum?view=topic&catid=584&id=257008#450520,2023-10-11,2023-10-17,6,Closed,1,1,"$7,500.00",Yes,"$2,318.70",,"-$1,859.18",$459.52,"$7,040.48",$8.00
202416,2024,16,Trent Auction 10,Ultra Condensed,Lightning,Trent,https://www.trenttokens.com/collections/current-auction,2023-10-13,2023-10-23,10,Closed,1,1,"$7,500.00",No,,,,$0.00,"$7,500.00",$33.92
202417,2024,17,Another 8k Auction,Super Condensed,Lightning,Ralykam,https://truedungeon.com/forum?view=topic&catid=584&id=257026,2023-11-02,2023-11-17,15,Closed,2,2,"$7,400.00",No,,,,$0.00,"$7,400.00",$32.00
202418,2024,18,Trent Auction 11,Ultra Condensed,Lightning,Trent,https://www.trenttokens.com/collections/current-auction,2023-10-23,2023-11-02,10,Closed,1,2,"$7,500.00",No,,,,$0.00,"$7,500.00",$40.00
202419,2024,19,Trent Auction 12,Ultra Condensed,Lightning,Trent,https://www.trenttokens.com/collections/current-auction,2023-11-02,2023-11-15,13,Closed,2,2,"$7,500.00",No,,,,$0.00,"$7,500.00",$18.24
202420,2024,20,SC Auction,Super Condensed,Lightning,WM13,https://truedungeon.com/forum?view=topic&catid=584&id=257081#451291,2023-11-09,2023-11-24,15,Closed,2,2,"$8,000.00",Yes,$578.00,,,$578.00,"$7,422.00",$16.00
202421,2024,21,Trent Auction 13,Ultra Condensed,Lightning,Trent,https://www.trenttokens.com/collections/current-auction,2023-11-15,2023-12-04,19,Closed,2,3,"$7,500.00",No,,,,$0.00,"$7,500.00",$32.00
202422,2024,22, (Token of Time) 2024 8k Super-Condensed Auction,Super Condensed,Lightning,Lord Brian,https://truedungeon.com/forum?view=topic&catid=584&id=257118#451503,2023-11-26,2023-12-04,8,Closed,3,3,"$7,500.00",Yes,$610.00,,,$610.00,"$6,890.00",$16.00
202423,2024,23,Trent Auction 14,Ultra Condensed,Lightning,Trent,https://www.trenttokens.com/collections/current-auction,2023-12-04,2023-12-28,24,Closed,3,4,"$7,500.00",No,,,,$0.00,"$7,500.00",$0.00
202424,2024,24,2024 8k Augmented Super Condensed Auction,Super Condensed,Lightning,Krym,https://truedungeon.com/forum?view=topic&catid=584&id=257137#451702,2023-12-05,2024-01-28,54,Closed,3,5,"$7,500.00",Yes,$665.25,$292.00,,$957.25,"$6,542.75",$0.00
202425,2024,25,Trent Auction 15,Ultra Condensed,Lightning,Trent,https://www.trenttokens.com/collections/current-auction,2023-12-28,2024-01-15,18,Closed,4,4,"$7,500.00",No,,,,$0.00,"$7,500.00",$0.00
202426,2024,26,Trent Auction 16,Ultra Condensed,Lightning,Trent,https://www.trenttokens.com/collections/current-auction,2024-01-15,2024-01-20,5,Closed,4,4,"$7,500.00",No,,,,$0.00,"$7,500.00",$0.00
202427,2024,27,Trent Auction 17,Ultra Condensed,Lightning,Trent,https://www.trenttokens.com/collections/current-auction,2024-01-20,2024-01-31,11,Closed,4,5,"$7,500.00",No,,,,$0.00,"$7,500.00",$0.00
202428,2024,28,Trent Auction 18,Ultra Condensed,Lightning,Trent,https://www.trenttokens.com/collections/current-auction,2024-01-31,2024-02-11,11,Closed,5,5,"$7,500.00",No,,,,$0.00,"$7,500.00",$0.00
202429,2024,29,Trent Auction 19,Ultra Condensed,Lightning,Trent,https://www.trenttokens.com/collections/current-auction,2024-02-11,2024-02-21,10,Closed,5,5,"$7,500.00",No,,,,$0.00,"$7,500.00",$0.00
202430,2024,30,Trent Auction 20,Ultra Condensed,Lightning,Trent,https://www.trenttokens.com/collections/current-auction,2024-02-21,2024-03-09,17,Closed,5,6,"$7,500.00",No,,,,$0.00,"$7,500.00",$0.00
202431,2024,31,Trent Auction 21,Ultra Condensed,Lightning,Trent,https://www.trenttokens.com/collections/current-auction,2024-03-09,2024-04-07,29,Closed,6,7,"$7,500.00",No,,,,$0.00,"$7,500.00",$0.00
202432,2024,32,Trent Auction 22,Ultra Condensed,Lightning,Trent,https://www.trenttokens.com/collections/current-auction,2024-04-07,2024-05-06,29,Closed,7,8,"$7,500.00",No,,,,$0.00,"$7,500.00",$0.00
202433,2024,33,Trent Auction 23,Ultra Condensed,Lightning,Trent,https://www.trenttokens.com/collections/current-auction,2024-05-06,2024-05-21,15,Closed,8,8,"$7,500.00",No,,,,$0.00,"$7,500.00",$0.00
202434,2024,34,Trent Auction 24,Ultra Condensed,Lightning,Trent,https://www.trenttokens.com/collections/current-auction,2024-05-21,2024-05-28,7,Closed,8,9,"$7,500.00",No,,,,$0.00,"$7,500.00",$0.00
202435,2024,35,Trent Auction 25,Ultra Condensed,Lightning,Trent,https://www.trenttokens.com/collections/current-auction,2024-05-28,2024-06-09,12,Closed,9,9,"$7,500.00",No,,,,$0.00,"$7,500.00",$0.00
202436,2024,36,Trent Auction 26,Ultra Condensed,Lightning,Trent,https://www.trenttokens.com/collections/current-auction,2024-06-09,2024-06-30,21,Closed,9,10,"$7,500.00",No,,,,$0.00,"$7,500.00",$0.00
202437,2024,37,Trent Auction 27,Ultra Condensed,Lightning,Trent,https://www.trenttokens.com/collections/current-auction,2024-06-30,2024-07-24,24,Closed,10,10,"$7,500.00",No,,,,$0.00,"$7,500.00",$0.00
202438,2024,38,Trent Auction 28,Ultra Condensed,Lightning,Trent,https://www.trenttokens.com/collections/current-auction,2024-08-10,2024-08-12,2,Closed,11,11,"$7,500.00",No,,,,$0.00,"$7,500.00",$0.00
202439,2024,39,Trent Auction 29,Ultra Condensed,Lightning,Trent,https://www.trenttokens.com/collections/current-auction,2024-08-12,2024-08-13,1,Closed,11,11,"$7,500.00",No,,,,$0.00,"$7,500.00",$0.00
202440,2024,40,Trent Auction 30,Ultra Condensed,Lightning,Trent,https://www.trenttokens.com/collections/current-auction,2024-08-13,2024-08-14,1,Closed,11,11,"$7,500.00",No,,,,$0.00,"$7,500.00",$0.00
202441,2024,41,Trent Auction 31,Ultra Condensed,Lightning,Trent,https://www.trenttokens.com/collections/current-auction,2024-08-15,2024-08-21,6,Closed,11,11,"$7,500.00",No,,,,$0.00,"$7,500.00",$0.00
20251,2025,1,FERRET HORDE AUCTION,Limited,Fixed Date,Amanda,https://truedungeon.com/forum?view=topic&catid=584&id=258020,2024-09-18,2024-11-15,58,Closed,1,2,"$10,250.00",Yes,"$4,927.00",,"-$8,208.86","-$3,281.86","$13,531.86",$32.00
20252,2025,2,2025 8k Lightning Auction,Ultra Condensed,Lightning,Ralykam,https://truedungeon.com/forum?view=topic&catid=584&id=258023,2024-09-18,2024-10-08,20,Closed,1,1,"$7,500.00",No,,,,$0.00,"$7,500.00",$24.00
20253,2025,3,Trent Auction 1,Ultra Condensed,Lightning,Trent,https://www.trenttokens.com/collections/current-auction,2024-09-18,2024-09-18,1,Closed,1,1,"$7,500.00",No,,,,$0.00,"$7,500.00",$77.12
20254,2025,4,Trent Auction 2,Ultra Condensed,Lightning,Trent,https://www.trenttokens.com/collections/current-auction,2024-09-18,2024-09-19,1,Closed,1,1,"$7,500.00",No,,,,$0.00,"$7,500.00",$28.16
20255,2025,5,Flik's 2025 Augmented Standard Auction,Ultra Condensed,Lightning,Flik,https://truedungeon.com/forum?view=topic&catid=584&id=258028,2024-09-18,2024-11-22,65,Closed,1,3,"$7,500.00",Yes,"$1,006.00",,-$477.25,$528.75,"$6,971.25",$24.00
20256,2025,6,Trent Auction 3,Ultra Condensed,Lightning,Trent,https://www.trenttokens.com/collections/current-auction,2024-09-19,2024-09-19,1,Closed,1,1,"$7,500.00",No,,,,$0.00,"$7,500.00",$18.88
20257,2025,7,Trent Auction 4,Ultra Condensed,Lightning,Trent,https://www.trenttokens.com/collections/current-auction,2024-09-19,2024-09-20,1,Closed,1,1,"$7,500.00",No,,,,$0.00,"$7,500.00",$20.16
20258,2025,8,Trent Auction 5,Ultra Condensed,Lightning,Trent,https://www.trenttokens.com/collections/current-auction,2024-09-20,2024-09-21,1,Closed,1,1,"$7,500.00",No,,,,$0.00,"$7,500.00",$19.20
20259,2025,9,2025 Onyx Pre Order Auction,Onyx Super Condensed,Lightning,Wade S,https://truedungeon.com/forum?view=topic&catid=584&id=258030,2024-09-20,2024-10-05,15,Closed,1,1,"$7,500.00",No,,,,$0.00,"$7,500.00",$32.00
202510,2025,10,Trent Auction 6,Ultra Condensed,Lightning,Trent,https://www.trenttokens.com/collections/current-auction,2024-09-21,2024-09-21,1,Closed,1,1,"$7,500.00",No,,,,$0.00,"$7,500.00",$16.96
202511,2025,11,Trent Auction 7,Ultra Condensed,Lightning,Trent,https://www.trenttokens.com/collections/current-auction,2024-09-21,2024-09-22,1,Closed,1,1,"$7,500.00",No,,,,$0.00,"$7,500.00",$20.16
202512,2025,12,Trent Auction 8,Ultra Condensed,Lightning,Trent,https://www.trenttokens.com/collections/current-auction,2024-09-22,2024-09-23,1,Closed,1,1,"$7,500.00",No,,,,$0.00,"$7,500.00",$21.12
202513,2025,13,Trent Auction 9,Ultra Condensed,Lightning,Trent,https://www.trenttokens.com/collections/current-auction,2024-09-24,2024-09-26,2,Closed,1,1,"$7,500.00",No,,,,$0.00,"$7,500.00",$23.04
202514,2025,14,Trent Auction 10,Ultra Condensed,Lightning,Trent,https://www.trenttokens.com/collections/current-auction,2024-09-26,2024-09-29,3,Closed,1,1,"$7,500.00",No,,,,$0.00,"$7,500.00",$22.08
202515,2025,15,Trent Auction 11,Ultra Condensed,Lightning,Trent,https://www.trenttokens.com/collections/current-auction,2024-09-29,2024-10-01,2,Closed,1,1,"$7,500.00",No,,,,$0.00,"$7,500.00",$24.32
202516,2025,16,Trent Auction 12,Ultra Condensed,Lightning,Trent,https://www.trenttokens.com/collections/current-auction,2024-10-01,2024-10-05,4,Closed,1,1,"$7,500.00",No,,,,$0.00,"$7,500.00",$24.32
202517,2025,17,Trent Auction 13,Ultra Condensed,Lightning,Trent,https://www.trenttokens.com/collections/current-auction,2024-10-05,2024-10-11,6,Closed,1,1,"$7,500.00",No,,,,$0.00,"$7,500.00",$24.96
202519,2025,19,Super Condensed Lightning Auction including Fragment and Patron,Super Condensed,Lightning,WM13,https://truedungeon.com/forum?view=topic&catid=584&id=258091#461228,2024-10-06,2024-11-18,43,Closed,1,3,"$7,500.00",No,,,,$0.00,"$7,500.00",$16.00
202520,2025,20,$8K Onyx Auction With Golden Ticket!,Onyx Super Condensed,Lightning,Mike Steele,https://truedungeon.com/forum?view=topic&catid=584&id=258096#461276,2024-10-10,2024-11-27,48,Closed,1,3,"$8,000.00",No,,,-$315.18,-$315.18,"$8,315.18",$6.40
202521,2025,21,Trent Auction 14,Ultra Condensed,Lightning,Trent,https://www.trenttokens.com/collections/current-auction,2024-10-11,2024-10-18,7,Closed,1,2,"$7,500.00",No,,,,$0.00,"$7,500.00",$24.00
202522,2025,22,Trent Auction 15,Ultra Condensed,Lightning,Trent,https://www.trenttokens.com/collections/current-auction,2024-10-18,2024-10-24,6,Closed,2,2,"$7,500.00",No,,,,$0.00,"$7,500.00",$26.88
202523,2025,23,Trent Auction 16,Ultra Condensed,Lightning,Trent,https://www.trenttokens.com/collections/current-auction,2024-10-24,2024-10-30,6,Closed,2,2,"$7,500.00",No,,,,$0.00,"$7,500.00",$24.96
202524,2025,24,Trent Auction 17,Ultra Condensed,Lightning,Trent,https://www.trenttokens.com/collections/current-auction,2024-10-30,2024-11-10,11,Closed,2,2,"$7,500.00",No,,,,$0.00,"$7,500.00",$21.12
202526,2025,26,Trent Auction 18,Ultra Condensed,Lightning,Trent,https://www.trenttokens.com/collections/current-auction,2024-11-10,2024-11-17,7,Closed,2,2,"$7,500.00",No,,,,$0.00,"$7,500.00",$24.96
202527,2025,27,Trent Auction 19,Ultra Condensed,Lightning,Trent,https://www.trenttokens.com/collections/current-auction,2024-11-17,2024-11-29,12,Closed,2,3,"$7,500.00",No,,,,$0.00,"$7,500.00",$22.08
202528,2025,28,Trent Auction 20,Ultra Condensed,Lightning,Trent,https://www.trenttokens.com/collections/current-auction,2024-11-29,2024-12-12,13,Closed,3,3,"$7,500.00",No,,,,$0.00,"$7,500.00",$20.16
202529,2025,29,Trent Auction 21,Ultra Condensed,Lightning,Trent,https://www.trenttokens.com/collections/current-auction,2024-12-12,2024-12-28,16,Closed,3,4,"$7,500.00",No,,,,$0.00,"$7,500.00",$20.48
202530,2025,30,Trent Auction 22,Ultra Condensed,Lightning,Trent,https://www.trenttokens.com/collections/current-auction,2024-12-28,2025-01-03,6,Closed,4,4,"$7,500.00",No,,,,$0.00,"$7,500.00",$20.16
202532,2025,32,Trent Auction 23,Ultra Condensed,Lightning,Trent,https://www.trenttokens.com/collections/current-auction,2025-01-03,2025-01-17,14,Closed,4,4,"$7,500.00",No,,,,$0.00,"$7,500.00",$22.08
202533,2025,33,Trent Auction 24,Ultra Condensed,Lightning,Trent,https://www.trenttokens.com/collections/current-auction,2025-01-17,2025-02-10,24,Closed,4,5,"$7,500.00",No,,,,$0.00,"$7,500.00",$0.00
202534,2025,34,Onyx UR Auction w/ Buyouts!,Onyx Ultra Condensed,Lightning,AlanP,https://truedungeon.com/forum?view=topic&catid=584&id=258279#462806,2025-01-18,2025-02-06,19,Closed,5,5,"$8,000.00",Yes,$345.00,$257.00,,$602.00,"$7,398.00",$0.00
202535,2025,35,Trent Auction 25,Ultra Condensed,Lightning,Trent,https://www.trenttokens.com/collections/current-auction,2025-02-10,2025-03-06,24,Closed,5,6,"$7,500.00",No,,,,$0.00,"$7,500.00",$0.00
202536,2025,36,Trent Auction 26,Ultra Condensed,Lightning,Trent,https://www.trenttokens.com/collections/current-auction,2025-03-06,2025-04-10,35,Closed,6,7,"$7,500.00",No,,,,$0.00,"$7,500.00",$0.00
202537,2025,37,Onyx UR Auction w/ Buyouts! #2,Onyx Ultra Condensed,Lightning,AlanP,https://truedungeon.com/forum?view=topic&catid=584&id=258458,2025-03-10,2025-03-20,10,Closed,6,7,"$8,000.00",Yes,$335.00,$412.00,,$747.00,"$7,253.00",$0.00
202538,2025,38,Trent Auction 27,Ultra Condensed,Lightning,Trent,https://www.trenttokens.com/collections/current-auction,2025-04-10,2025-05-28,48,Closed,7,9,"$7,500.00",No,,,,$0.00,"$7,500.00",$0.00
202539,2025,39,Trent Auction 28,Ultra Condensed,Lightning,Trent,https://www.trenttokens.com/collections/current-auction,2025-05-28,2025-06-17,20,Closed,9,9,"$7,500.00",No,,,,$0.00,"$7,500.00",$0.00
202540,2025,40,8k Auction w/ Buyouts #3,Ultra Condensed,Lightning,AlanP,https://truedungeon.com/forum?view=topic&catid=584&id=258705,2025-06-23,2025-07-08,15,Closed,10,10,"$8,000.00",Yes,$360.00,$471.00,,$831.00,"$7,169.00",$0.00
202541,2025,41,Trent Auction 29,Ultra Condensed,Lightning,Trent,https://www.trenttokens.com/collections/current-auction,2025-06-17,2025-07-18,31,Closed,9,11,"$7,500.00",No,,,,$0.00,"$7,500.00",$0.00
202542,2025,42,Trent Auction 30,Ultra Condensed,Lightning,Trent,https://www.trenttokens.com/collections/current-auction,2025-07-18,2025-08-07,20,Closed,11,11,"$7,500.00",No,,,,$0.00,"$7,500.00",$0.00
202543,2025,43,Post-GenCon 8K Auction,Ultra Condensed,Lightning,alesiev,https://truedungeon.com/forum?view=topic&catid=584&id=258749,2025-07-23,2025-08-21,29,Closed,11,12,"$8,000.00",Yes,$410.00,$466.00,,$876.00,"$7,124.00",$0.00
202544,2025,44,Trent Auction 31,Ultra Condensed,Lightning,Trent,https://www.trenttokens.com/collections/current-auction,2025-08-07,2025-08-25,18,Closed,11,12,"$7,500.00",No,,,,$0.00,"$7,500.00",$0.00
202545,2025,45,Last Remaning ONYX 8K Super Cond Auction,Onyx Super Condensed,Lightning,Tyrael the Just,https://truedungeon.com/forum?view=topic&catid=584&id=258934,2025-08-24,2025-09-04,11,Closed,12,12,"$8,000.00",Yes,"$1,205.00",$333.00,,"$1,538.00","$6,462.00",$0.00
202546,2025,46,Trent Auction 32,Ultra Condensed,Lightning,Trent,https://www.trenttokens.com/collections/current-auction,2025-08-25,2025-09-18,24,Closed,12,13,"$7,500.00",No,,,,$0.00,"$7,500.00",$0.00
20261,2026,1,Trent Auction 1,Ultra Condensed,Lightning,Trent,https://www.trenttokens.com/collections/current-auction,2025-09-25,2025-09-25,1,Closed,1,1,"$7,500.00",No,,,,$0.00,"$7,500.00",$239.12
20262,2026,2,"2026, Augmented, Full Onyx Set, Super-Condensed, 8K Auction",Onyx Super Condensed,Fixed Date,Beertram,https://truedungeon.com/forum?view=topic&catid=584&id=259036#469282,2025-09-25,2025-10-25,30,Closed,1,2,"$8,000.00",No,,,,$0.00,"$8,000.00",$183.00
20264,2026,4,Flik's 2026 Onyx Augmented Auction,Onyx Super Condensed,Lightning,Flik,https://truedungeon.com/forum?view=topic&catid=584&id=259039#469291,2025-09-25,2025-10-16,21,Closed,1,1,"$8,000.00",No,,,-$791.40,-$791.40,"$8,791.40",$181.00
20265,2026,5,Trent Auction 2,Ultra Condensed,Lightning,Trent,https://www.trenttokens.com/collections/current-auction,2025-09-25,2025-09-25,1,Closed,1,1,"$7,500.00",No,,,,$0.00,"$7,500.00",$197.08
20266,2026,6,Mike's $8K Golden Ticket ONYX Auction!,Onyx Super Condensed,Lightning,Mike Steele,https://truedungeon.com/forum?view=topic&catid=584&id=259041#469300,2025-09-25,2025-09-29,4,Closed,1,1,"$8,000.00",Yes,"$1,254.00",,-$449.16,$804.84,"$7,195.16",$169.84
20267,2026,7,Trent Auction 3,Ultra Condensed,Lightning,Trent,https://www.trenttokens.com/collections/current-auction,2025-09-25,2025-09-25,1,Closed,1,1,"$7,500.00",No,,,,$0.00,"$7,500.00",$173.12
20268,2026,8,Trent Auction 4,Ultra Condensed,Lightning,Trent,https://www.trenttokens.com/collections/current-auction,2025-09-25,2025-09-25,1,Closed,1,1,"$7,500.00",No,,,,$0.00,"$7,500.00",$162.62
20269,2026,9,Trent Auction 5,Ultra Condensed,Lightning,Trent,https://www.trenttokens.com/collections/current-auction,2025-09-25,2025-09-25,1,Closed,1,1,"$7,500.00",No,,,,$0.00,"$7,500.00",$186.66
202610,2026,10,Trent Auction 6,Ultra Condensed,Lightning,Trent,https://www.trenttokens.com/collections/current-auction,2025-09-25,2025-09-25,1,Closed,1,1,"$7,500.00",No,,,,$0.00,"$7,500.00",$166.84
202611,2026,11,Trent Auction 7,Ultra Condensed,Lightning,Trent,https://www.trenttokens.com/collections/current-auction,2025-09-25,2025-09-25,1,Closed,1,1,"$7,500.00",No,,,,$0.00,"$7,500.00",$163.96
202612,2026,12,Trent Auction 8,Ultra Condensed,Lightning,Trent,https://www.trenttokens.com/collections/current-auction,2025-09-26,2025-09-27,1,Closed,1,1,"$7,500.00",No,,,,$0.00,"$7,500.00",$184.66
202613,2026,13,Trent Auction 9,Ultra Condensed,Lightning,Trent,https://www.trenttokens.com/collections/current-auction,2025-09-27,2025-09-27,1,Closed,1,1,"$7,500.00",No,,,,$0.00,"$7,500.00",$193.12
202614,2026,14,Trent Auction 10,Ultra Condensed,Lightning,Trent,https://www.trenttokens.com/collections/current-auction,2025-09-28,2025-09-28,1,Closed,1,1,"$7,500.00",No,,,,$0.00,"$7,500.00",$188.12
202615,2026,15,Trent Auction 11,Ultra Condensed,Lightning,Trent,https://www.trenttokens.com/collections/current-auction,2025-09-29,2025-09-30,1,Closed,1,1,"$7,500.00",No,,,,$0.00,"$7,500.00",$196.62
202616,2026,16,Trent Auction 12,Ultra Condensed,Lightning,Trent,https://www.trenttokens.com/collections/current-auction,2025-09-30,2025-10-02,2,Closed,1,1,"$7,500.00",No,,,,$0.00,"$7,500.00",$183.62
202617,2026,17,Trent Auction 13,Ultra Condensed,Lightning,Trent,https://www.trenttokens.com/collections/current-auction,2025-10-02,2025-10-05,3,Closed,1,1,"$7,500.00",No,,,,$0.00,"$7,500.00",$204.08
202618,2026,18,No Onyx SC Lightning Auction incl Fragment and Patron,Super Condensed,Lightning,WM13,https://truedungeon.com/forum?view=topic&catid=584&id=259059#469470,2025-09-28,2025-10-27,29,Closed,1,2,"$7,500.00",No,,,,$0.00,"$7,500.00",$240.00
202619,2026,19,Trent Auction 14,Ultra Condensed,Lightning,Trent,https://www.trenttokens.com/collections/current-auction,2025-10-05,2025-10-06,1,Closed,1,1,"$7,500.00",No,,,,$0.00,"$7,500.00",$184.08
202620,2026,20,Trent Auction 15,Ultra Condensed,Lightning,Trent,https://www.trenttokens.com/collections/current-auction,2025-10-06,2025-10-08,2,Closed,1,1,"$7,500.00",No,,,,$0.00,"$7,500.00",$202.08
202621,2026,21,Trent Auction 16,Ultra Condensed,Lightning,Trent,https://www.trenttokens.com/collections/current-auction,2025-10-08,2025-10-12,4,Closed,1,1,"$7,500.00",No,,,,$0.00,"$7,500.00",$188.12
202622,2026,22,Trent Auction 17,Ultra Condensed,Lightning,Trent,https://www.trenttokens.com/collections/current-auction,2025-10-20,2025-10-25,5,Closed,1,2,"$7,500.00",No,,,,$0.00,"$7,500.00",$193.12
202623,2026,23,Trent Auction 18,Ultra Condensed,Lightning,Trent,https://www.trenttokens.com/collections/current-auction,2025-10-25,2025-10-28,3,Closed,2,2,"$7,500.00",No,,,,$0.00,"$7,500.00",$198.12
202624,2026,24,Trent Auction 19,Ultra Condensed,Lightning,Trent,https://www.trenttokens.com/collections/current-auction,2025-10-28,2025-10-30,2,Closed,2,2,"$7,500.00",No,,,,$0.00,"$7,500.00",$201.12
202625,2026,25,Trent Auction 20,Ultra Condensed,Lightning,Trent,https://www.trenttokens.com/collections/current-auction,2025-10-30,2025-11-02,3,Closed,2,2,"$7,500.00",No,,,,$0.00,"$7,500.00",$206.96
202626,2026,26,Trent Auction 21,Ultra Condensed,Lightning,Trent,https://www.trenttokens.com/collections/current-auction,2025-11-02,2025-11-05,3,Closed,2,2,"$7,500.00",No,,,,$0.00,"$7,500.00",$0.00
202627,2026,27,Trent Auction 22,Ultra Condensed,Lightning,Trent,https://www.trenttokens.com/collections/current-auction,2025-11-05,2025-11-08,3,Closed,2,2,"$7,500.00",No,,,,$0.00,"$7,500.00",$0.00
202628,2026,28,Trent Auction 23,Ultra Condensed,Lightning,Trent,https://www.trenttokens.com/collections/current-auction,2025-11-08,2025-11-10,2,Closed,2,2,"$7,500.00",No,,,,$0.00,"$7,500.00",$0.00
202629,2026,29,Trent Auction 24,Ultra Condensed,Lightning,Trent,https://www.trenttokens.com/collections/current-auction,2025-11-10,2025-11-18,8,Closed,2,2,"$7,500.00",No,,,,$0.00,"$7,500.00",$0.00
202630,2026,30,Trent Auction 25,Ultra Condensed,Lightning,Trent,https://www.trenttokens.com/collections/current-auction,2025-11-18,2025-12-01,13,Closed,2,3,"$7,500.00",No,,,,$0.00,"$7,500.00",$0.00
202631,2026,31,Trent Auction 26,Ultra Condensed,Lightning,Trent,https://www.trenttokens.com/collections/current-auction,2026-01-01,2026-01-08,7,Closed,4,4,"$7,500.00",No,,,,$0.00,"$7,500.00",$0.00
202632,2026,32,8k Super Condensed UR Auction,Ultra Condensed,Lightning,AlanP,https://truedungeon.com/forum?view=topic&catid=584&id=259191#470847,2025-11-17,2025-11-25,8,Closed,2,3,"$8,000.00",Yes,,$398.00,-$365.26,$32.74,"$7,967.26",$0.00
202633,2026,33,December 2025 8K Super Condensed,Super Condensed,Lightning,alesiev,https://truedungeon.com/forum?view=topic&catid=584&id=259236,2025-12-09,2025-12-18,9,Closed,3,3,"$8,000.00",Yes,$359.82,$631.00,,$990.82,"$7,009.18",$0.00
202634,2026,34,Beertram's Augmented 8K Onyx Auction,Onyx Super Condensed,Lightning,Beertram,https://www.truedungeon.com/forum?view=topic&catid=584&id=259259#471512,2025-12-20,2026-01-05,16,Closed,3,4,"$8,000.00",Yes,$910.00,$665.00,-$150.14,"$1,424.86","$6,575.14",$0.00
202635,2026,35,Trent Auction 27,Ultra Condensed,Lightning,Trent,https://www.trenttokens.com/collections/current-auction,2026-01-08,2026-01-13,5,Closed,4,4,"$7,500.00",No,,,,$0.00,"$7,500.00",$0.00
202636,2026,36,Trent Auction 28,Ultra Condensed,Lightning,Trent,https://www.trenttokens.com/collections/current-auction,2026-01-13,2026-01-17,4,Closed,4,4,"$7,500.00",No,,,,$0.00,"$7,500.00",$0.00
202637,2026,37,Trent Auction 29,Ultra Condensed,Lightning,Trent,https://www.trenttokens.com/collections/current-auction,2026-01-17,2026-01-23,6,Closed,4,4,"$7,500.00",No,,,,$0.00,"$7,500.00",$0.00
202639,2026,39,Trent Auction 30,Ultra Condensed,Lightning,Trent,https://www.trenttokens.com/collections/current-auction,2026-01-23,2026-02-04,12,Closed,4,5,"$7,500.00",No,,,,$0.00,"$7,500.00",$0.00
202640,2026,40,2026 8K Super Condensed Auction,Super Condensed,Lightning,alesiev,https://truedungeon.com/forum?view=topic&catid=584&id=259383,2026-01-29,2026-02-20,22,Closed,5,5,"$8,000.00",Yes,$972.50,$766.00,,"$1,738.50","$6,261.50",$0.00
202641,2026,41,Trent Auction 31,Ultra Condensed,Lightning,Trent,https://www.trenttokens.com/collections/current-auction,2026-02-04,2026-02-22,18,Closed,5,5,"$7,500.00",No,,,,$0.00,"$7,500.00",$0.00
202642,2026,42,Trent Auction 32,Ultra Condensed,Lightning,Trent,https://www.trenttokens.com/collections/current-auction,2026-02-22,2026-03-28,34,Closed,5,7,"$7,500.00",No,,,,$0.00,"$7,500.00",$0.00
202643,2026,43,Trent Auction 33,Ultra Condensed,Lightning,Trent,https://www.trenttokens.com/collections/current-auction,2026-03-28,2026-04-09,12,Closed,7,7,"$7,500.00",No,,,,$0.00,"$7,500.00",$0.00
202644,2026,44,Alesiev's 8K 2026 Super Condensed Augmented Auction,Ultra Condensed,Lightning,alesiev,https://truedungeon.com/forum?view=topic&catid=602&id=259475,2026-04-03,2026-04-11,8,Closed,7,7,"$8,000.00",Yes,"$2,387.00",,,"$2,387.00","$5,613.00",$0.00
202645,2026,45,Mike's $8K Augmented Auction w/ GT!,Ultra Condensed,Lightning,Mike Steele,https://truedungeon.com/forum?view=topic&catid=584&id=259482#474119,2026-04-11,2026-06-28,78,Closed,7,10,"$8,000.00",Yes,"$1,803.00",$360.00,-$898.32,"$1,264.68","$6,735.32",$0.00
202646,2026,46,Alesiev's Pre-GenCon 8K Auction - With Augments - Ends 7/17,Ultra Condensed,Fixed Date,alesiev,https://truedungeon.com/forum?view=topic&catid=602&id=259691,2026-06-17,2026-07-17,30,Closed,9,10,"$8,000.00",Yes,"$1,909.04",,,"$1,909.04","$6,090.96",$0.00
202647,2026,47,Alesiev's FINAL 2026 Token Auction - With Augments!,Ultra Condensed,Lightning,alesiev,https://truedungeon.com/forum?view=topic&catid=584&id=259798,2026-08-07,2026-08-15,8,Closed,11,11,"$8,000.00",Yes,"$1,247.00","$1,040.00",,"$2,287.00","$5,713.00",$0.00