auctionId,auctionSeason,auctionNumber,Item,Price,Display Name,Category
20182,2018,2,+1 Mighty Long Bow,99,+1 Mighty Long Bow,Onyx Ultra Rare
20182,2018,2,+2 Archer's Buckler,102,+2 Archer's Buckler,Onyx Ultra Rare
20182,2018,2,+2 Hammer of Smiting,92,+2 Hammer of Smiting,Onyx Ultra Rare
20182,2018,2,Ash's Death Pouch,101,Ash's Death Pouch,Onyx Ultra Rare
20182,2018,2,Bracers of Guided Strike,95,Bracers of Guided Strike,Onyx Ultra Rare
20182,2018,2,C/UC/R Set,110,C/UC/R Set,Onyx Ultra Rare
20182,2018,2,Charm of Awareness,96,Charm of Awareness,Onyx Ultra Rare
20182,2018,2,Charm of Shadow Shot,97,Charm of Shadow Shot,Onyx Ultra Rare
20182,2018,2,Crown of Expertise,100,Crown of Expertise,Onyx Ultra Rare
20182,2018,2,Figurine of Power: Raven,86,Figurine of Power: Raven,Onyx Ultra Rare
20182,2018,2,Girdle of Stone Giant Strength,96,Girdle of Stone Giant Strength,Onyx Ultra Rare
20182,2018,2,Gloves of Greater Archery,102,Gloves of Greater Archery,Onyx Ultra Rare
20182,2018,2,Horn of the Valkyrie,91,Horn of the Valkyrie,Onyx Ultra Rare
20182,2018,2,Ioun Stone Fluorite Cube,91,Ioun Stone Fluorite Cube,Onyx Ultra Rare
20182,2018,2,Kilt of Fatherbane,101,Kilt of Fatherbane,Onyx Ultra Rare
20182,2018,2,Lotus Blossom Bowls,100,Lotus Blossom Bowls,Onyx Ultra Rare
20182,2018,2,Medallion of Valhalla,106,Medallion of Valhalla,Onyx Ultra Rare
20182,2018,2,Pouch of Tulz,100,Pouch of Tulz,Onyx Ultra Rare
20182,2018,2,Ring of the Eel,106,Ring of the Eel,Onyx Ultra Rare
20182,2018,2,Shirt of Focus,107,Shirt of Focus,Onyx Ultra Rare
20182,2018,2,Viper Strike Pants,85,Viper Strike Pants,Onyx Ultra Rare
20183,2018,3,+1 Mighty Long Bow,98,+1 Mighty Long Bow,Onyx Ultra Rare
20183,2018,3,+2 Archer's Buckler,125,+2 Archer's Buckler,Onyx Ultra Rare
20183,2018,3,+2 Hammer of Smiting,103,+2 Hammer of Smiting,Onyx Ultra Rare
20183,2018,3,Ash's Death Pouch,125,Ash's Death Pouch,Onyx Ultra Rare
20183,2018,3,Bracers of Guided Strike,115,Bracers of Guided Strike,Onyx Ultra Rare
20183,2018,3,C/UC/R Set,75,C/UC/R Set,Onyx Ultra Rare
20183,2018,3,Charm of Awareness,103,Charm of Awareness,Onyx Ultra Rare
20183,2018,3,Charm of Shadow Shot,103,Charm of Shadow Shot,Onyx Ultra Rare
20183,2018,3,Crown of Expertise,95,Crown of Expertise,Onyx Ultra Rare
20183,2018,3,Figurine of Power: Raven,81,Figurine of Power: Raven,Onyx Ultra Rare
20183,2018,3,Girdle of Stone Giant Strength,103,Girdle of Stone Giant Strength,Onyx Ultra Rare
20183,2018,3,Gloves of Greater Archery,110,Gloves of Greater Archery,Onyx Ultra Rare
20183,2018,3,Horn of the Valkyrie,95,Horn of the Valkyrie,Onyx Ultra Rare
20183,2018,3,Ioun Stone Fluorite Cube,81,Ioun Stone Fluorite Cube,Onyx Ultra Rare
20183,2018,3,Kilt of Fatherbane,103,Kilt of Fatherbane,Onyx Ultra Rare
20183,2018,3,Lotus Blossom Bowls,108,Lotus Blossom Bowls,Onyx Ultra Rare
20183,2018,3,Medallion of Valhalla,110,Medallion of Valhalla,Onyx Ultra Rare
20183,2018,3,Pouch of Tulz,108,Pouch of Tulz,Onyx Ultra Rare
20183,2018,3,Ring of the Eel,103,Ring of the Eel,Onyx Ultra Rare
20183,2018,3,Shirt of Focus,108,Shirt of Focus,Onyx Ultra Rare
20183,2018,3,Viper Strike Pants,81,Viper Strike Pants,Onyx Ultra Rare
20184,2018,4,+1 Mighty Long Bow,75,+1 Mighty Long Bow,Onyx Ultra Rare
20184,2018,4,+2 Archer's Buckler,125,+2 Archer's Buckler,Onyx Ultra Rare
20184,2018,4,+2 Hammer of Smiting,105,+2 Hammer of Smiting,Onyx Ultra Rare
20184,2018,4,Ash's Death Pouch,90,Ash's Death Pouch,Onyx Ultra Rare
20184,2018,4,Bracers of Guided Strike,75,Bracers of Guided Strike,Onyx Ultra Rare
20184,2018,4,C/UC/R Set,100,C/UC/R Set,Onyx Ultra Rare
20184,2018,4,Charm of Awareness,80,Charm of Awareness,Onyx Ultra Rare
20184,2018,4,Charm of Shadow Shot,85,Charm of Shadow Shot,Onyx Ultra Rare
20184,2018,4,Crown of Expertise,80,Crown of Expertise,Onyx Ultra Rare
20184,2018,4,Figurine of Power: Raven,90,Figurine of Power: Raven,Onyx Ultra Rare
20184,2018,4,Girdle of Stone Giant Strength,105,Girdle of Stone Giant Strength,Onyx Ultra Rare
20184,2018,4,Gloves of Greater Archery,95,Gloves of Greater Archery,Onyx Ultra Rare
20184,2018,4,Horn of the Valkyrie,100,Horn of the Valkyrie,Onyx Ultra Rare
20184,2018,4,Ioun Stone Fluorite Cube,75,Ioun Stone Fluorite Cube,Onyx Ultra Rare
20184,2018,4,Kilt of Fatherbane,90,Kilt of Fatherbane,Onyx Ultra Rare
20184,2018,4,Lotus Blossom Bowls,100,Lotus Blossom Bowls,Onyx Ultra Rare
20184,2018,4,Medallion of Valhalla,100,Medallion of Valhalla,Onyx Ultra Rare
20184,2018,4,Pouch of Tulz,85,Pouch of Tulz,Onyx Ultra Rare
20184,2018,4,Ring of the Eel,80,Ring of the Eel,Onyx Ultra Rare
20184,2018,4,Shirt of Focus,125,Shirt of Focus,Onyx Ultra Rare
20184,2018,4,Viper Strike Pants,60,Viper Strike Pants,Onyx Ultra Rare
20204,2020,4,+1 Mighty Shortbow,95,+1 Mighty Shortbow,Onyx Ultra Rare
20204,2020,4,+2 Flaming Blade,99,+2 Flaming Blade,Onyx Ultra Rare
20204,2020,4,Arcane Belt,105,Arcane Belt,Onyx Ultra Rare
20204,2020,4,Arcane Bracelets,105,Arcane Bracelets,Onyx Ultra Rare
20204,2020,4,Arcane Earcuff,110,Arcane Earcuff,Onyx Ultra Rare
20204,2020,4,Bracers of Reckless Fury,99,Bracers of Reckless Fury,Onyx Ultra Rare
20204,2020,4,C/UC/R Set,105,C/UC/R Set,Onyx Ultra Rare
20204,2020,4,Charm of Brooching,116,Charm of Brooching,Onyx Ultra Rare
20204,2020,4,Charm of Glory,125,Charm of Glory,Onyx Ultra Rare
20204,2020,4,Cloak of the Elm,105,Cloak of the Elm,Onyx Ultra Rare
20204,2020,4,Cook's Hat,99,Cook's Hat,Onyx Ultra Rare
20204,2020,4,Ioun Stone Banshee Prism,104,Ioun Stone Banshee Prism,Onyx Ultra Rare
20204,2020,4,Lenses of Agility,95,Lenses of Agility,Onyx Ultra Rare
20204,2020,4,Lucky Light Mail,95,Lucky Light Mail,Onyx Ultra Rare
20204,2020,4,Lucky Plate Armor,65,Lucky Plate Armor,Onyx Ultra Rare
20204,2020,4,Lucky Shield,95,Lucky Shield,Onyx Ultra Rare
20204,2020,4,Ring of the Drake,110,Ring of the Drake,Onyx Ultra Rare
20204,2020,4,Ring of Wonder,125,Ring of Wonder,Onyx Ultra Rare
20204,2020,4,Semi-Lich Skull,120,Semi-Lich Skull,Onyx Ultra Rare
20204,2020,4,Shirt of the Oaf,111,Shirt of the Oaf,Onyx Ultra Rare
20204,2020,4,Taborlin's Key,96,Taborlin's Key,Onyx Ultra Rare
20205,2020,5,+1 Mighty Shortbow,90,+1 Mighty Shortbow,Onyx Ultra Rare
20205,2020,5,+2 Flaming Blade,99,+2 Flaming Blade,Onyx Ultra Rare
20205,2020,5,Arcane Belt,99,Arcane Belt,Onyx Ultra Rare
20205,2020,5,Arcane Bracelets,99,Arcane Bracelets,Onyx Ultra Rare
20205,2020,5,Arcane Earcuff,111.51,Arcane Earcuff,Onyx Ultra Rare
20205,2020,5,Bracers of Reckless Fury,99,Bracers of Reckless Fury,Onyx Ultra Rare
20205,2020,5,C/UC/R Set,55,C/UC/R Set,Onyx Ultra Rare
20205,2020,5,Charm of Brooching,121,Charm of Brooching,Onyx Ultra Rare
20205,2020,5,Charm of Glory,125,Charm of Glory,Onyx Ultra Rare
20205,2020,5,Cloak of the Elm,105,Cloak of the Elm,Onyx Ultra Rare
20205,2020,5,Cook's Hat,99,Cook's Hat,Onyx Ultra Rare
20205,2020,5,Ioun Stone Banshee Prism,99,Ioun Stone Banshee Prism,Onyx Ultra Rare
20205,2020,5,Lenses of Agility,101,Lenses of Agility,Onyx Ultra Rare
20205,2020,5,Lucky Light Mail,99,Lucky Light Mail,Onyx Ultra Rare
20205,2020,5,Lucky Plate Armor,90,Lucky Plate Armor,Onyx Ultra Rare
20205,2020,5,Lucky Shield,99,Lucky Shield,Onyx Ultra Rare
20205,2020,5,Ring of the Drake,105,Ring of the Drake,Onyx Ultra Rare
20205,2020,5,Ring of Wonder,125,Ring of Wonder,Onyx Ultra Rare
20205,2020,5,Semi-Lich Skull,99,Semi-Lich Skull,Onyx Ultra Rare
20205,2020,5,Shirt of the Oaf,105,Shirt of the Oaf,Onyx Ultra Rare
20205,2020,5,Taborlin's Key,99,Taborlin's Key,Onyx Ultra Rare
20206,2020,6,+1 Mighty Shortbow,100,+1 Mighty Shortbow,Onyx Ultra Rare
20206,2020,6,+2 Flaming Blade,105,+2 Flaming Blade,Onyx Ultra Rare
20206,2020,6,Arcane Belt,99,Arcane Belt,Onyx Ultra Rare
20206,2020,6,Arcane Bracelets,99,Arcane Bracelets,Onyx Ultra Rare
20206,2020,6,Arcane Earcuff,115,Arcane Earcuff,Onyx Ultra Rare
20206,2020,6,Bracers of Reckless Fury,100,Bracers of Reckless Fury,Onyx Ultra Rare
20206,2020,6,C/UC/R Set,90,C/UC/R Set,Onyx Ultra Rare
20206,2020,6,Charm of Brooching,121.55,Charm of Brooching,Onyx Ultra Rare
20206,2020,6,Charm of Glory,121,Charm of Glory,Onyx Ultra Rare
20206,2020,6,Cloak of the Elm,100,Cloak of the Elm,Onyx Ultra Rare
20206,2020,6,Cook's Hat,99,Cook's Hat,Onyx Ultra Rare
20206,2020,6,Ioun Stone Banshee Prism,96.78,Ioun Stone Banshee Prism,Onyx Ultra Rare
20206,2020,6,Lenses of Agility,95,Lenses of Agility,Onyx Ultra Rare
20206,2020,6,Lucky Light Mail,90,Lucky Light Mail,Onyx Ultra Rare
20206,2020,6,Lucky Plate Armor,85,Lucky Plate Armor,Onyx Ultra Rare
20206,2020,6,Lucky Shield,99,Lucky Shield,Onyx Ultra Rare
20206,2020,6,Ring of the Drake,104.5,Ring of the Drake,Onyx Ultra Rare
20206,2020,6,Ring of Wonder,122.55,Ring of Wonder,Onyx Ultra Rare
20206,2020,6,Semi-Lich Skull,105,Semi-Lich Skull,Onyx Ultra Rare
20206,2020,6,Shirt of the Oaf,105,Shirt of the Oaf,Onyx Ultra Rare
20206,2020,6,Taborlin's Key,95,Taborlin's Key,Onyx Ultra Rare
20207,2020,7,+1 Mighty Shortbow,95,+1 Mighty Shortbow,Onyx Ultra Rare
20207,2020,7,+2 Flaming Blade,99,+2 Flaming Blade,Onyx Ultra Rare
20207,2020,7,Arcane Belt,112,Arcane Belt,Onyx Ultra Rare
20207,2020,7,Arcane Bracelets,105,Arcane Bracelets,Onyx Ultra Rare
20207,2020,7,Arcane Earcuff,121,Arcane Earcuff,Onyx Ultra Rare
20207,2020,7,Bracers of Reckless Fury,96,Bracers of Reckless Fury,Onyx Ultra Rare
20207,2020,7,C/UC/R Set,95,C/UC/R Set,Onyx Ultra Rare
20207,2020,7,Charm of Brooching,120,Charm of Brooching,Onyx Ultra Rare
20207,2020,7,Charm of Glory,130,Charm of Glory,Onyx Ultra Rare
20207,2020,7,Cloak of the Elm,105,Cloak of the Elm,Onyx Ultra Rare
20207,2020,7,Cook's Hat,99,Cook's Hat,Onyx Ultra Rare
20207,2020,7,Ioun Stone Banshee Prism,105,Ioun Stone Banshee Prism,Onyx Ultra Rare
20207,2020,7,Lenses of Agility,105,Lenses of Agility,Onyx Ultra Rare
20207,2020,7,Lucky Light Mail,85,Lucky Light Mail,Onyx Ultra Rare
20207,2020,7,Lucky Plate Armor,91,Lucky Plate Armor,Onyx Ultra Rare
20207,2020,7,Lucky Shield,96,Lucky Shield,Onyx Ultra Rare
20207,2020,7,Ring of the Drake,110,Ring of the Drake,Onyx Ultra Rare
20207,2020,7,Ring of Wonder,110,Ring of Wonder,Onyx Ultra Rare
20207,2020,7,Semi-Lich Skull,115,Semi-Lich Skull,Onyx Ultra Rare
20207,2020,7,Shirt of the Oaf,100,Shirt of the Oaf,Onyx Ultra Rare
20207,2020,7,Taborlin's Key,95,Taborlin's Key,Onyx Ultra Rare
20209,2020,9,+1 Mighty Shortbow,76,+1 Mighty Shortbow,Onyx Ultra Rare
20209,2020,9,+2 Flaming Blade,110,+2 Flaming Blade,Onyx Ultra Rare
20209,2020,9,Arcane Belt,90,Arcane Belt,Onyx Ultra Rare
20209,2020,9,Arcane Bracelets,107,Arcane Bracelets,Onyx Ultra Rare
20209,2020,9,Arcane Earcuff,130,Arcane Earcuff,Onyx Ultra Rare
20209,2020,9,Bracers of Reckless Fury,90,Bracers of Reckless Fury,Onyx Ultra Rare
20209,2020,9,C/UC/R Set,100,C/UC/R Set,Onyx Ultra Rare
20209,2020,9,Charm of Brooching,120,Charm of Brooching,Onyx Ultra Rare
20209,2020,9,Charm of Glory,115,Charm of Glory,Onyx Ultra Rare
20209,2020,9,Cloak of the Elm,105,Cloak of the Elm,Onyx Ultra Rare
20209,2020,9,Cook's Hat,85,Cook's Hat,Onyx Ultra Rare
20209,2020,9,Ioun Stone Banshee Prism,86,Ioun Stone Banshee Prism,Onyx Ultra Rare
20209,2020,9,Lenses of Agility,95,Lenses of Agility,Onyx Ultra Rare
20209,2020,9,Lucky Light Mail,99,Lucky Light Mail,Onyx Ultra Rare
20209,2020,9,Lucky Plate Armor,100,Lucky Plate Armor,Onyx Ultra Rare
20209,2020,9,Lucky Shield,115,Lucky Shield,Onyx Ultra Rare
20209,2020,9,Ring of the Drake,90,Ring of the Drake,Onyx Ultra Rare
20209,2020,9,Ring of Wonder,105,Ring of Wonder,Onyx Ultra Rare
20209,2020,9,Semi-Lich Skull,105,Semi-Lich Skull,Onyx Ultra Rare
20209,2020,9,Shirt of the Oaf,110,Shirt of the Oaf,Onyx Ultra Rare
20209,2020,9,Taborlin's Key,95,Taborlin's Key,Onyx Ultra Rare
20211,2021,1,+4 Rod of the Meek,75,+4 Rod of the Meek,Onyx Ultra Rare
20211,2021,1,Axe of the Dwarvish Kings,100,Axe of the Dwarvish Kings,Onyx Ultra Rare
20211,2021,1,C/UC/R Set,90,C/UC/R Set,Onyx Ultra Rare
20211,2021,1,Charm of the Faerie,55,Charm of the Faerie,Onyx Ultra Rare
20211,2021,1,Cranston's Helpful Hat,125,Cranston's Helpful Hat,Onyx Ultra Rare
20211,2021,1,Death Knight Armor,95,Death Knight Armor,Onyx Ultra Rare
20211,2021,1,Death Knight Boots,110,Death Knight Boots,Onyx Ultra Rare
20211,2021,1,Death Knight Gauntlets,120,Death Knight Gauntlets,Onyx Ultra Rare
20211,2021,1,Ioun Stone Platinum Nugget,160,Ioun Stone Platinum Nugget,Onyx Ultra Rare
20211,2021,1,Ioun Stone Sunstone Shard,99,Ioun Stone Sunstone Shard,Onyx Ultra Rare
20211,2021,1,Lucky Cloak,120,Lucky Cloak,Onyx Ultra Rare
20211,2021,1,Mad Evoker's Charm,105,Mad Evoker's Charm,Onyx Ultra Rare
20211,2021,1,Medallion of the Sweetwoods,106,Medallion of the Sweetwoods,Onyx Ultra Rare
20211,2021,1,Nightshade's +2 Throwing Dagger,135,Nightshade's +2 Throwing Dagger,Onyx Ultra Rare
20211,2021,1,Pants of Focus,100,Pants of Focus,Onyx Ultra Rare
20211,2021,1,Psyferre's Spectacles,106,Psyferre's Spectacles,Onyx Ultra Rare
20211,2021,1,Ring of Expertise,100,Ring of Expertise,Onyx Ultra Rare
20211,2021,1,Ring of Quick Blessing,115,Ring of Quick Blessing,Onyx Ultra Rare
20211,2021,1,Ring of the Siren,110,Ring of the Siren,Onyx Ultra Rare
20211,2021,1,Shield of the Scholar,115,Shield of the Scholar,Onyx Ultra Rare
20211,2021,1,Shirt of the Nimble,100,Shirt of the Nimble,Onyx Ultra Rare
20212,2021,2,+4 Rod of the Meek,100,+4 Rod of the Meek,Onyx Ultra Rare
20212,2021,2,Axe of the Dwarvish Kings,100,Axe of the Dwarvish Kings,Onyx Ultra Rare
20212,2021,2,C/UC/R Set,151,C/UC/R Set,Onyx Ultra Rare
20212,2021,2,Charm of the Faerie,80,Charm of the Faerie,Onyx Ultra Rare
20212,2021,2,Cranston's Helpful Hat,125,Cranston's Helpful Hat,Onyx Ultra Rare
20212,2021,2,Death Knight Armor,120,Death Knight Armor,Onyx Ultra Rare
20212,2021,2,Death Knight Boots,120,Death Knight Boots,Onyx Ultra Rare
20212,2021,2,Death Knight Gauntlets,151,Death Knight Gauntlets,Onyx Ultra Rare
20212,2021,2,Ioun Stone Platinum Nugget,151,Ioun Stone Platinum Nugget,Onyx Ultra Rare
20212,2021,2,Ioun Stone Sunstone Shard,117,Ioun Stone Sunstone Shard,Onyx Ultra Rare
20212,2021,2,Lucky Cloak,106,Lucky Cloak,Onyx Ultra Rare
20212,2021,2,Mad Evoker's Charm,110,Mad Evoker's Charm,Onyx Ultra Rare
20212,2021,2,Medallion of the Sweetwoods,106,Medallion of the Sweetwoods,Onyx Ultra Rare
20212,2021,2,Nightshade's +2 Throwing Dagger,126,Nightshade's +2 Throwing Dagger,Onyx Ultra Rare
20212,2021,2,Pants of Focus,91,Pants of Focus,Onyx Ultra Rare
20212,2021,2,Psyferre's Spectacles,118,Psyferre's Spectacles,Onyx Ultra Rare
20212,2021,2,Ring of Expertise,100,Ring of Expertise,Onyx Ultra Rare
20212,2021,2,Ring of Quick Blessing,117,Ring of Quick Blessing,Onyx Ultra Rare
20212,2021,2,Ring of the Siren,106,Ring of the Siren,Onyx Ultra Rare
20212,2021,2,Shield of the Scholar,116,Shield of the Scholar,Onyx Ultra Rare
20212,2021,2,Shirt of the Nimble,117,Shirt of the Nimble,Onyx Ultra Rare
20213,2021,3,+4 Rod of the Meek,100,+4 Rod of the Meek,Onyx Ultra Rare
20213,2021,3,Axe of the Dwarvish Kings,100,Axe of the Dwarvish Kings,Onyx Ultra Rare
20213,2021,3,C/UC/R Set,145,C/UC/R Set,Onyx Ultra Rare
20213,2021,3,Charm of the Faerie,100,Charm of the Faerie,Onyx Ultra Rare
20213,2021,3,Cranston's Helpful Hat,111,Cranston's Helpful Hat,Onyx Ultra Rare
20213,2021,3,Death Knight Armor,110,Death Knight Armor,Onyx Ultra Rare
20213,2021,3,Death Knight Boots,109,Death Knight Boots,Onyx Ultra Rare
20213,2021,3,Death Knight Gauntlets,127,Death Knight Gauntlets,Onyx Ultra Rare
20213,2021,3,Ioun Stone Platinum Nugget,155,Ioun Stone Platinum Nugget,Onyx Ultra Rare
20213,2021,3,Ioun Stone Sunstone Shard,121,Ioun Stone Sunstone Shard,Onyx Ultra Rare
20213,2021,3,Lucky Cloak,115,Lucky Cloak,Onyx Ultra Rare
20213,2021,3,Mad Evoker's Charm,121,Mad Evoker's Charm,Onyx Ultra Rare
20213,2021,3,Medallion of the Sweetwoods,111,Medallion of the Sweetwoods,Onyx Ultra Rare
20213,2021,3,Nightshade's +2 Throwing Dagger,117,Nightshade's +2 Throwing Dagger,Onyx Ultra Rare
20213,2021,3,Pants of Focus,105,Pants of Focus,Onyx Ultra Rare
20213,2021,3,Psyferre's Spectacles,106,Psyferre's Spectacles,Onyx Ultra Rare
20213,2021,3,Ring of Expertise,100,Ring of Expertise,Onyx Ultra Rare
20213,2021,3,Ring of Quick Blessing,115,Ring of Quick Blessing,Onyx Ultra Rare
20213,2021,3,Ring of the Siren,100,Ring of the Siren,Onyx Ultra Rare
20213,2021,3,Shield of the Scholar,117,Shield of the Scholar,Onyx Ultra Rare
20213,2021,3,Shirt of the Nimble,121,Shirt of the Nimble,Onyx Ultra Rare
20222,2022,2,+2 Chaos Cannon,110,+2 Chaos Cannon,Onyx Ultra Rare
20222,2022,2,+2 Mug of Battle,90,+2 Mug of Battle,Onyx Ultra Rare
20222,2022,2,+2 Staff of Power,105,+2 Staff of Power,Onyx Ultra Rare
20222,2022,2,Amulet of Aiming,90,Amulet of Aiming,Onyx Ultra Rare
20222,2022,2,Bead of Focus,110,Bead of Focus,Onyx Ultra Rare
20222,2022,2,Bead of Guided Strike,110,Bead of Guided Strike,Onyx Ultra Rare
20222,2022,2,Belt of the Deadshot,110,Belt of the Deadshot,Onyx Ultra Rare
20222,2022,2,Butterfly Cloak,90,Butterfly Cloak,Onyx Ultra Rare
20222,2022,2,C/UC/R Set,135,C/UC/R Set,Onyx Ultra Rare
20222,2022,2,Charm Bracelets,95,Charm Bracelets,Onyx Ultra Rare
20222,2022,2,Charm of Spell Storing,115,Charm of Spell Storing,Onyx Ultra Rare
20222,2022,2,Death Knight Mail,115,Death Knight Mail,Onyx Ultra Rare
20222,2022,2,Earcuff of the Ravager,110,Earcuff of the Ravager,Onyx Ultra Rare
20222,2022,2,Gloves of the Deadshot,110,Gloves of the Deadshot,Onyx Ultra Rare
20222,2022,2,Goggles of the Deadshot,110,Goggles of the Deadshot,Onyx Ultra Rare
20222,2022,2,Harlax's Helpful Lamp,130,Harlax's Helpful Lamp,Onyx Ultra Rare
20222,2022,2,Ioun Stone Fluorite Sphere,130,Ioun Stone Fluorite Sphere,Onyx Ultra Rare
20222,2022,2,Lucky Charm,105,Lucky Charm,Onyx Ultra Rare
20222,2022,2,Lucky Kilt,56,Lucky Kilt,Onyx Ultra Rare
20222,2022,2,Ring of Havoc,110,Ring of Havoc,Onyx Ultra Rare
20222,2022,2,Shirt of the Imbiber,110,Shirt of the Imbiber,Onyx Ultra Rare
20224,2022,4,+2 Chaos Cannon,75,+2 Chaos Cannon,Onyx Ultra Rare
20224,2022,4,+2 Mug of Battle,105,+2 Mug of Battle,Onyx Ultra Rare
20224,2022,4,+2 Staff of Power,80,+2 Staff of Power,Onyx Ultra Rare
20224,2022,4,Amulet of Aiming,105,Amulet of Aiming,Onyx Ultra Rare
20224,2022,4,Bead of Focus,100,Bead of Focus,Onyx Ultra Rare
20224,2022,4,Bead of Guided Strike,110,Bead of Guided Strike,Onyx Ultra Rare
20224,2022,4,Belt of the Deadshot,110,Belt of the Deadshot,Onyx Ultra Rare
20224,2022,4,Butterfly Cloak,95,Butterfly Cloak,Onyx Ultra Rare
20224,2022,4,C/UC/R Set,150,C/UC/R Set,Onyx Ultra Rare
20224,2022,4,Charm Bracelets,85,Charm Bracelets,Onyx Ultra Rare
20224,2022,4,Charm of Spell Storing,115,Charm of Spell Storing,Onyx Ultra Rare
20224,2022,4,Death Knight Mail,85,Death Knight Mail,Onyx Ultra Rare
20224,2022,4,Earcuff of the Ravager,105,Earcuff of the Ravager,Onyx Ultra Rare
20224,2022,4,Gloves of the Deadshot,110,Gloves of the Deadshot,Onyx Ultra Rare
20224,2022,4,Goggles of the Deadshot,110,Goggles of the Deadshot,Onyx Ultra Rare
20224,2022,4,Harlax's Helpful Lamp,120,Harlax's Helpful Lamp,Onyx Ultra Rare
20224,2022,4,Ioun Stone Fluorite Sphere,105,Ioun Stone Fluorite Sphere,Onyx Ultra Rare
20224,2022,4,Lucky Charm,110,Lucky Charm,Onyx Ultra Rare
20224,2022,4,Lucky Kilt,85,Lucky Kilt,Onyx Ultra Rare
20224,2022,4,Ring of Havoc,105,Ring of Havoc,Onyx Ultra Rare
20224,2022,4,Shirt of the Imbiber,105,Shirt of the Imbiber,Onyx Ultra Rare
20225,2022,5,+2 Chaos Cannon,90,+2 Chaos Cannon,Onyx Ultra Rare
20225,2022,5,+2 Mug of Battle,105,+2 Mug of Battle,Onyx Ultra Rare
20225,2022,5,+2 Staff of Power,100,+2 Staff of Power,Onyx Ultra Rare
20225,2022,5,Amulet of Aiming,100,Amulet of Aiming,Onyx Ultra Rare
20225,2022,5,Bead of Focus,110,Bead of Focus,Onyx Ultra Rare
20225,2022,5,Bead of Guided Strike,110,Bead of Guided Strike,Onyx Ultra Rare
20225,2022,5,Belt of the Deadshot,115,Belt of the Deadshot,Onyx Ultra Rare
20225,2022,5,Butterfly Cloak,95,Butterfly Cloak,Onyx Ultra Rare
20225,2022,5,C/UC/R Set,165,C/UC/R Set,Onyx Ultra Rare
20225,2022,5,Charm Bracelets,100,Charm Bracelets,Onyx Ultra Rare
20225,2022,5,Charm of Spell Storing,120,Charm of Spell Storing,Onyx Ultra Rare
20225,2022,5,Death Knight Mail,105,Death Knight Mail,Onyx Ultra Rare
20225,2022,5,Earcuff of the Ravager,105,Earcuff of the Ravager,Onyx Ultra Rare
20225,2022,5,Gloves of the Deadshot,115,Gloves of the Deadshot,Onyx Ultra Rare
20225,2022,5,Goggles of the Deadshot,115,Goggles of the Deadshot,Onyx Ultra Rare
20225,2022,5,Harlax's Helpful Lamp,120,Harlax's Helpful Lamp,Onyx Ultra Rare
20225,2022,5,Ioun Stone Fluorite Sphere,100,Ioun Stone Fluorite Sphere,Onyx Ultra Rare
20225,2022,5,Lucky Charm,105,Lucky Charm,Onyx Ultra Rare
20225,2022,5,Lucky Kilt,90,Lucky Kilt,Onyx Ultra Rare
20225,2022,5,Ring of Havoc,105,Ring of Havoc,Onyx Ultra Rare
20225,2022,5,Shirt of the Imbiber,105,Shirt of the Imbiber,Onyx Ultra Rare
20227,2022,7,+2 Chaos Cannon,85,+2 Chaos Cannon,Onyx Ultra Rare
20227,2022,7,+2 Mug of Battle,80,+2 Mug of Battle,Onyx Ultra Rare
20227,2022,7,+2 Staff of Power,95,+2 Staff of Power,Onyx Ultra Rare
20227,2022,7,Amulet of Aiming,80,Amulet of Aiming,Onyx Ultra Rare
20227,2022,7,Bead of Focus,100,Bead of Focus,Onyx Ultra Rare
20227,2022,7,Bead of Guided Strike,105,Bead of Guided Strike,Onyx Ultra Rare
20227,2022,7,Belt of the Deadshot,110,Belt of the Deadshot,Onyx Ultra Rare
20227,2022,7,Butterfly Cloak,95,Butterfly Cloak,Onyx Ultra Rare
20227,2022,7,C/UC/R Set,175,C/UC/R Set,Onyx Ultra Rare
20227,2022,7,Charm Bracelets,105,Charm Bracelets,Onyx Ultra Rare
20227,2022,7,Charm of Spell Storing,115,Charm of Spell Storing,Onyx Ultra Rare
20227,2022,7,Death Knight Mail,105,Death Knight Mail,Onyx Ultra Rare
20227,2022,7,Earcuff of the Ravager,105,Earcuff of the Ravager,Onyx Ultra Rare
20227,2022,7,Gloves of the Deadshot,105,Gloves of the Deadshot,Onyx Ultra Rare
20227,2022,7,Goggles of the Deadshot,110,Goggles of the Deadshot,Onyx Ultra Rare
20227,2022,7,Harlax's Helpful Lamp,105,Harlax's Helpful Lamp,Onyx Ultra Rare
20227,2022,7,Ioun Stone Fluorite Sphere,105,Ioun Stone Fluorite Sphere,Onyx Ultra Rare
20227,2022,7,Lucky Charm,110,Lucky Charm,Onyx Ultra Rare
20227,2022,7,Lucky Kilt,55,Lucky Kilt,Onyx Ultra Rare
20227,2022,7,Ring of Havoc,100,Ring of Havoc,Onyx Ultra Rare
20227,2022,7,Shirt of the Imbiber,115,Shirt of the Imbiber,Onyx Ultra Rare
20228,2022,8,+2 Chaos Cannon,90,+2 Chaos Cannon,Onyx Ultra Rare
20228,2022,8,+2 Mug of Battle,95,+2 Mug of Battle,Onyx Ultra Rare
20228,2022,8,+2 Staff of Power,95,+2 Staff of Power,Onyx Ultra Rare
20228,2022,8,Amulet of Aiming,90,Amulet of Aiming,Onyx Ultra Rare
20228,2022,8,Bead of Focus,110,Bead of Focus,Onyx Ultra Rare
20228,2022,8,Bead of Guided Strike,105,Bead of Guided Strike,Onyx Ultra Rare
20228,2022,8,Belt of the Deadshot,115,Belt of the Deadshot,Onyx Ultra Rare
20228,2022,8,Butterfly Cloak,85,Butterfly Cloak,Onyx Ultra Rare
20228,2022,8,C/UC/R Set,180,C/UC/R Set,Onyx Ultra Rare
20228,2022,8,Charm Bracelets,105,Charm Bracelets,Onyx Ultra Rare
20228,2022,8,Charm of Spell Storing,105,Charm of Spell Storing,Onyx Ultra Rare
20228,2022,8,Death Knight Mail,80,Death Knight Mail,Onyx Ultra Rare
20228,2022,8,Earcuff of the Ravager,100,Earcuff of the Ravager,Onyx Ultra Rare
20228,2022,8,Gloves of the Deadshot,105,Gloves of the Deadshot,Onyx Ultra Rare
20228,2022,8,Goggles of the Deadshot,105,Goggles of the Deadshot,Onyx Ultra Rare
20228,2022,8,Harlax's Helpful Lamp,110,Harlax's Helpful Lamp,Onyx Ultra Rare
20228,2022,8,Ioun Stone Fluorite Sphere,100,Ioun Stone Fluorite Sphere,Onyx Ultra Rare
20228,2022,8,Lucky Charm,105,Lucky Charm,Onyx Ultra Rare
20228,2022,8,Lucky Kilt,65,Lucky Kilt,Onyx Ultra Rare
20228,2022,8,Ring of Havoc,105,Ring of Havoc,Onyx Ultra Rare
20228,2022,8,Shirt of the Imbiber,105,Shirt of the Imbiber,Onyx Ultra Rare
20229,2022,9,+2 Chaos Cannon,90,+2 Chaos Cannon,Onyx Ultra Rare
20229,2022,9,+2 Mug of Battle,90,+2 Mug of Battle,Onyx Ultra Rare
20229,2022,9,+2 Staff of Power,95,+2 Staff of Power,Onyx Ultra Rare
20229,2022,9,Amulet of Aiming,90,Amulet of Aiming,Onyx Ultra Rare
20229,2022,9,Bead of Focus,110,Bead of Focus,Onyx Ultra Rare
20229,2022,9,Bead of Guided Strike,105,Bead of Guided Strike,Onyx Ultra Rare
20229,2022,9,Belt of the Deadshot,110,Belt of the Deadshot,Onyx Ultra Rare
20229,2022,9,Butterfly Cloak,80,Butterfly Cloak,Onyx Ultra Rare
20229,2022,9,C/UC/R Set,160,C/UC/R Set,Onyx Ultra Rare
20229,2022,9,Charm Bracelets,95,Charm Bracelets,Onyx Ultra Rare
20229,2022,9,Charm of Spell Storing,105,Charm of Spell Storing,Onyx Ultra Rare
20229,2022,9,Death Knight Mail,95,Death Knight Mail,Onyx Ultra Rare
20229,2022,9,Earcuff of the Ravager,100,Earcuff of the Ravager,Onyx Ultra Rare
20229,2022,9,Gloves of the Deadshot,110,Gloves of the Deadshot,Onyx Ultra Rare
20229,2022,9,Goggles of the Deadshot,110,Goggles of the Deadshot,Onyx Ultra Rare
20229,2022,9,Harlax's Helpful Lamp,95,Harlax's Helpful Lamp,Onyx Ultra Rare
20229,2022,9,Ioun Stone Fluorite Sphere,85,Ioun Stone Fluorite Sphere,Onyx Ultra Rare
20229,2022,9,Lucky Charm,105,Lucky Charm,Onyx Ultra Rare
20229,2022,9,Lucky Kilt,70,Lucky Kilt,Onyx Ultra Rare
20229,2022,9,Ring of Havoc,105,Ring of Havoc,Onyx Ultra Rare
20229,2022,9,Shirt of the Imbiber,105,Shirt of the Imbiber,Onyx Ultra Rare
202210,2022,10,+2 Chaos Cannon,90,+2 Chaos Cannon,Onyx Ultra Rare
202210,2022,10,+2 Mug of Battle,100,+2 Mug of Battle,Onyx Ultra Rare
202210,2022,10,+2 Staff of Power,95,+2 Staff of Power,Onyx Ultra Rare
202210,2022,10,Amulet of Aiming,85,Amulet of Aiming,Onyx Ultra Rare
202210,2022,10,Bead of Focus,110,Bead of Focus,Onyx Ultra Rare
202210,2022,10,Bead of Guided Strike,115,Bead of Guided Strike,Onyx Ultra Rare
202210,2022,10,Belt of the Deadshot,110,Belt of the Deadshot,Onyx Ultra Rare
202210,2022,10,Butterfly Cloak,85,Butterfly Cloak,Onyx Ultra Rare
202210,2022,10,C/UC/R Set,130,C/UC/R Set,Onyx Ultra Rare
202210,2022,10,Charm Bracelets,95,Charm Bracelets,Onyx Ultra Rare
202210,2022,10,Charm of Spell Storing,110,Charm of Spell Storing,Onyx Ultra Rare
202210,2022,10,Death Knight Mail,95,Death Knight Mail,Onyx Ultra Rare
202210,2022,10,Earcuff of the Ravager,115,Earcuff of the Ravager,Onyx Ultra Rare
202210,2022,10,Gloves of the Deadshot,110,Gloves of the Deadshot,Onyx Ultra Rare
202210,2022,10,Goggles of the Deadshot,115,Goggles of the Deadshot,Onyx Ultra Rare
202210,2022,10,Harlax's Helpful Lamp,90,Harlax's Helpful Lamp,Onyx Ultra Rare
202210,2022,10,Ioun Stone Fluorite Sphere,105,Ioun Stone Fluorite Sphere,Onyx Ultra Rare
202210,2022,10,Lucky Charm,105,Lucky Charm,Onyx Ultra Rare
202210,2022,10,Lucky Kilt,105,Lucky Kilt,Onyx Ultra Rare
202210,2022,10,Ring of Havoc,100,Ring of Havoc,Onyx Ultra Rare
202210,2022,10,Shirt of the Imbiber,100,Shirt of the Imbiber,Onyx Ultra Rare
202212,2022,12,+2 Chaos Cannon,75,+2 Chaos Cannon,Onyx Ultra Rare
202212,2022,12,+2 Mug of Battle,95,+2 Mug of Battle,Onyx Ultra Rare
202212,2022,12,+2 Staff of Power,100,+2 Staff of Power,Onyx Ultra Rare
202212,2022,12,Amulet of Aiming,80,Amulet of Aiming,Onyx Ultra Rare
202212,2022,12,Bead of Focus,105,Bead of Focus,Onyx Ultra Rare
202212,2022,12,Bead of Guided Strike,105,Bead of Guided Strike,Onyx Ultra Rare
202212,2022,12,Belt of the Deadshot,90,Belt of the Deadshot,Onyx Ultra Rare
202212,2022,12,Butterfly Cloak,75,Butterfly Cloak,Onyx Ultra Rare
202212,2022,12,C/UC/R Set,130,C/UC/R Set,Onyx Ultra Rare
202212,2022,12,Charm Bracelets,100,Charm Bracelets,Onyx Ultra Rare
202212,2022,12,Charm of Spell Storing,110,Charm of Spell Storing,Onyx Ultra Rare
202212,2022,12,Death Knight Mail,95,Death Knight Mail,Onyx Ultra Rare
202212,2022,12,Earcuff of the Ravager,105,Earcuff of the Ravager,Onyx Ultra Rare
202212,2022,12,Gloves of the Deadshot,90,Gloves of the Deadshot,Onyx Ultra Rare
202212,2022,12,Goggles of the Deadshot,110,Goggles of the Deadshot,Onyx Ultra Rare
202212,2022,12,Harlax's Helpful Lamp,100,Harlax's Helpful Lamp,Onyx Ultra Rare
202212,2022,12,Ioun Stone Fluorite Sphere,105,Ioun Stone Fluorite Sphere,Onyx Ultra Rare
202212,2022,12,Lucky Charm,95,Lucky Charm,Onyx Ultra Rare
202212,2022,12,Lucky Kilt,90,Lucky Kilt,Onyx Ultra Rare
202212,2022,12,Ring of Havoc,85,Ring of Havoc,Onyx Ultra Rare
202212,2022,12,Shirt of the Imbiber,90,Shirt of the Imbiber,Onyx Ultra Rare
202213,2022,13,+2 Chaos Cannon,87,+2 Chaos Cannon,Onyx Ultra Rare
202213,2022,13,+2 Mug of Battle,70,+2 Mug of Battle,Onyx Ultra Rare
202213,2022,13,+2 Staff of Power,97,+2 Staff of Power,Onyx Ultra Rare
202213,2022,13,Amulet of Aiming,41,Amulet of Aiming,Onyx Ultra Rare
202213,2022,13,Bead of Focus,107,Bead of Focus,Onyx Ultra Rare
202213,2022,13,Bead of Guided Strike,100,Bead of Guided Strike,Onyx Ultra Rare
202213,2022,13,Belt of the Deadshot,100,Belt of the Deadshot,Onyx Ultra Rare
202213,2022,13,Butterfly Cloak,80,Butterfly Cloak,Onyx Ultra Rare
202213,2022,13,C/UC/R Set,105,C/UC/R Set,Onyx Ultra Rare
202213,2022,13,Charm Bracelets,95,Charm Bracelets,Onyx Ultra Rare
202213,2022,13,Charm of Spell Storing,105,Charm of Spell Storing,Onyx Ultra Rare
202213,2022,13,Death Knight Mail,102,Death Knight Mail,Onyx Ultra Rare
202213,2022,13,Earcuff of the Ravager,100,Earcuff of the Ravager,Onyx Ultra Rare
202213,2022,13,Gloves of the Deadshot,95,Gloves of the Deadshot,Onyx Ultra Rare
202213,2022,13,Goggles of the Deadshot,95,Goggles of the Deadshot,Onyx Ultra Rare
202213,2022,13,Harlax's Helpful Lamp,108,Harlax's Helpful Lamp,Onyx Ultra Rare
202213,2022,13,Ioun Stone Fluorite Sphere,90,Ioun Stone Fluorite Sphere,Onyx Ultra Rare
202213,2022,13,Lucky Charm,97,Lucky Charm,Onyx Ultra Rare
202213,2022,13,Lucky Kilt,85,Lucky Kilt,Onyx Ultra Rare
202213,2022,13,Ring of Havoc,80,Ring of Havoc,Onyx Ultra Rare
202213,2022,13,Shirt of the Imbiber,100,Shirt of the Imbiber,Onyx Ultra Rare
202214,2022,14,+2 Chaos Cannon,100,+2 Chaos Cannon,Onyx Ultra Rare
202214,2022,14,+2 Mug of Battle,100,+2 Mug of Battle,Onyx Ultra Rare
202214,2022,14,+2 Staff of Power,97,+2 Staff of Power,Onyx Ultra Rare
202214,2022,14,Amulet of Aiming,70,Amulet of Aiming,Onyx Ultra Rare
202214,2022,14,Bead of Focus,110,Bead of Focus,Onyx Ultra Rare
202214,2022,14,Bead of Guided Strike,85,Bead of Guided Strike,Onyx Ultra Rare
202214,2022,14,Belt of the Deadshot,74,Belt of the Deadshot,Onyx Ultra Rare
202214,2022,14,Butterfly Cloak,90,Butterfly Cloak,Onyx Ultra Rare
202214,2022,14,C/UC/R Set,115,C/UC/R Set,Onyx Ultra Rare
202214,2022,14,Charm Bracelets,82,Charm Bracelets,Onyx Ultra Rare
202214,2022,14,Charm of Spell Storing,110,Charm of Spell Storing,Onyx Ultra Rare
202214,2022,14,Death Knight Mail,102,Death Knight Mail,Onyx Ultra Rare
202214,2022,14,Earcuff of the Ravager,80,Earcuff of the Ravager,Onyx Ultra Rare
202214,2022,14,Gloves of the Deadshot,74,Gloves of the Deadshot,Onyx Ultra Rare
202214,2022,14,Goggles of the Deadshot,100,Goggles of the Deadshot,Onyx Ultra Rare
202214,2022,14,Harlax's Helpful Lamp,113,Harlax's Helpful Lamp,Onyx Ultra Rare
202214,2022,14,Ioun Stone Fluorite Sphere,85,Ioun Stone Fluorite Sphere,Onyx Ultra Rare
202214,2022,14,Lucky Charm,97,Lucky Charm,Onyx Ultra Rare
202214,2022,14,Lucky Kilt,62,Lucky Kilt,Onyx Ultra Rare
202214,2022,14,Ring of Havoc,85,Ring of Havoc,Onyx Ultra Rare
202214,2022,14,Shirt of the Imbiber,95,Shirt of the Imbiber,Onyx Ultra Rare
202215,2022,15,+2 Chaos Cannon,85,+2 Chaos Cannon,Onyx Ultra Rare
202215,2022,15,+2 Mug of Battle,100,+2 Mug of Battle,Onyx Ultra Rare
202215,2022,15,+2 Staff of Power,100,+2 Staff of Power,Onyx Ultra Rare
202215,2022,15,Amulet of Aiming,80,Amulet of Aiming,Onyx Ultra Rare
202215,2022,15,Bead of Focus,100,Bead of Focus,Onyx Ultra Rare
202215,2022,15,Bead of Guided Strike,100,Bead of Guided Strike,Onyx Ultra Rare
202215,2022,15,Belt of the Deadshot,95,Belt of the Deadshot,Onyx Ultra Rare
202215,2022,15,Butterfly Cloak,85,Butterfly Cloak,Onyx Ultra Rare
202215,2022,15,C/UC/R Set,130,C/UC/R Set,Onyx Ultra Rare
202215,2022,15,Charm Bracelets,100,Charm Bracelets,Onyx Ultra Rare
202215,2022,15,Charm of Spell Storing,100,Charm of Spell Storing,Onyx Ultra Rare
202215,2022,15,Death Knight Mail,95,Death Knight Mail,Onyx Ultra Rare
202215,2022,15,Earcuff of the Ravager,85,Earcuff of the Ravager,Onyx Ultra Rare
202215,2022,15,Gloves of the Deadshot,95,Gloves of the Deadshot,Onyx Ultra Rare
202215,2022,15,Goggles of the Deadshot,95,Goggles of the Deadshot,Onyx Ultra Rare
202215,2022,15,Harlax's Helpful Lamp,105,Harlax's Helpful Lamp,Onyx Ultra Rare
202215,2022,15,Ioun Stone Fluorite Sphere,90,Ioun Stone Fluorite Sphere,Onyx Ultra Rare
202215,2022,15,Lucky Charm,95,Lucky Charm,Onyx Ultra Rare
202215,2022,15,Lucky Kilt,95,Lucky Kilt,Onyx Ultra Rare
202215,2022,15,Ring of Havoc,90,Ring of Havoc,Onyx Ultra Rare
202215,2022,15,Shirt of the Imbiber,95,Shirt of the Imbiber,Onyx Ultra Rare
202219,2022,19,+2 Chaos Cannon,75,+2 Chaos Cannon,Onyx Ultra Rare
202219,2022,19,+2 Mug of Battle,95,+2 Mug of Battle,Onyx Ultra Rare
202219,2022,19,+2 Staff of Power,90,+2 Staff of Power,Onyx Ultra Rare
202219,2022,19,Amulet of Aiming,95,Amulet of Aiming,Onyx Ultra Rare
202219,2022,19,Bead of Focus,105,Bead of Focus,Onyx Ultra Rare
202219,2022,19,Bead of Guided Strike,100,Bead of Guided Strike,Onyx Ultra Rare
202219,2022,19,Belt of the Deadshot,115,Belt of the Deadshot,Onyx Ultra Rare
202219,2022,19,Butterfly Cloak,80,Butterfly Cloak,Onyx Ultra Rare
202219,2022,19,C/UC/R Set,120,C/UC/R Set,Onyx Ultra Rare
202219,2022,19,Charm Bracelets,90,Charm Bracelets,Onyx Ultra Rare
202219,2022,19,Charm of Spell Storing,105,Charm of Spell Storing,Onyx Ultra Rare
202219,2022,19,Death Knight Mail,85,Death Knight Mail,Onyx Ultra Rare
202219,2022,19,Earcuff of the Ravager,95,Earcuff of the Ravager,Onyx Ultra Rare
202219,2022,19,Gloves of the Deadshot,100,Gloves of the Deadshot,Onyx Ultra Rare
202219,2022,19,Goggles of the Deadshot,100,Goggles of the Deadshot,Onyx Ultra Rare
202219,2022,19,Harlax's Helpful Lamp,105,Harlax's Helpful Lamp,Onyx Ultra Rare
202219,2022,19,Ioun Stone Fluorite Sphere,95,Ioun Stone Fluorite Sphere,Onyx Ultra Rare
202219,2022,19,Lucky Charm,100,Lucky Charm,Onyx Ultra Rare
202219,2022,19,Lucky Kilt,65,Lucky Kilt,Onyx Ultra Rare
202219,2022,19,Ring of Havoc,95,Ring of Havoc,Onyx Ultra Rare
202219,2022,19,Shirt of the Imbiber,100,Shirt of the Imbiber,Onyx Ultra Rare
202221,2022,21,+2 Chaos Cannon,75,+2 Chaos Cannon,Onyx Ultra Rare
202221,2022,21,+2 Mug of Battle,100,+2 Mug of Battle,Onyx Ultra Rare
202221,2022,21,+2 Staff of Power,105,+2 Staff of Power,Onyx Ultra Rare
202221,2022,21,Amulet of Aiming,95,Amulet of Aiming,Onyx Ultra Rare
202221,2022,21,Bead of Focus,115,Bead of Focus,Onyx Ultra Rare
202221,2022,21,Bead of Guided Strike,105,Bead of Guided Strike,Onyx Ultra Rare
202221,2022,21,Belt of the Deadshot,115,Belt of the Deadshot,Onyx Ultra Rare
202221,2022,21,Butterfly Cloak,85,Butterfly Cloak,Onyx Ultra Rare
202221,2022,21,C/UC/R Set,150,C/UC/R Set,Onyx Ultra Rare
202221,2022,21,Charm Bracelets,95,Charm Bracelets,Onyx Ultra Rare
202221,2022,21,Charm of Spell Storing,115,Charm of Spell Storing,Onyx Ultra Rare
202221,2022,21,Death Knight Mail,100,Death Knight Mail,Onyx Ultra Rare
202221,2022,21,Earcuff of the Ravager,115,Earcuff of the Ravager,Onyx Ultra Rare
202221,2022,21,Gloves of the Deadshot,115,Gloves of the Deadshot,Onyx Ultra Rare
202221,2022,21,Goggles of the Deadshot,115,Goggles of the Deadshot,Onyx Ultra Rare
202221,2022,21,Harlax's Helpful Lamp,105,Harlax's Helpful Lamp,Onyx Ultra Rare
202221,2022,21,Ioun Stone Fluorite Sphere,105,Ioun Stone Fluorite Sphere,Onyx Ultra Rare
202221,2022,21,Lucky Charm,100,Lucky Charm,Onyx Ultra Rare
202221,2022,21,Lucky Kilt,70,Lucky Kilt,Onyx Ultra Rare
202221,2022,21,Ring of Havoc,95,Ring of Havoc,Onyx Ultra Rare
202221,2022,21,Shirt of the Imbiber,110,Shirt of the Imbiber,Onyx Ultra Rare
202222,2022,22,+2 Chaos Cannon,90,+2 Chaos Cannon,Onyx Ultra Rare
202222,2022,22,+2 Mug of Battle,90,+2 Mug of Battle,Onyx Ultra Rare
202222,2022,22,+2 Staff of Power,105,+2 Staff of Power,Onyx Ultra Rare
202222,2022,22,Amulet of Aiming,65,Amulet of Aiming,Onyx Ultra Rare
202222,2022,22,Bead of Focus,95,Bead of Focus,Onyx Ultra Rare
202222,2022,22,Bead of Guided Strike,95,Bead of Guided Strike,Onyx Ultra Rare
202222,2022,22,Belt of the Deadshot,100,Belt of the Deadshot,Onyx Ultra Rare
202222,2022,22,Butterfly Cloak,85,Butterfly Cloak,Onyx Ultra Rare
202222,2022,22,C/UC/R Set,130,C/UC/R Set,Onyx Ultra Rare
202222,2022,22,Charm Bracelets,85,Charm Bracelets,Onyx Ultra Rare
202222,2022,22,Charm of Spell Storing,95,Charm of Spell Storing,Onyx Ultra Rare
202222,2022,22,Death Knight Mail,85,Death Knight Mail,Onyx Ultra Rare
202222,2022,22,Earcuff of the Ravager,85,Earcuff of the Ravager,Onyx Ultra Rare
202222,2022,22,Gloves of the Deadshot,80,Gloves of the Deadshot,Onyx Ultra Rare
202222,2022,22,Goggles of the Deadshot,95,Goggles of the Deadshot,Onyx Ultra Rare
202222,2022,22,Harlax's Helpful Lamp,100,Harlax's Helpful Lamp,Onyx Ultra Rare
202222,2022,22,Ioun Stone Fluorite Sphere,95,Ioun Stone Fluorite Sphere,Onyx Ultra Rare
202222,2022,22,Lucky Charm,90,Lucky Charm,Onyx Ultra Rare
202222,2022,22,Lucky Kilt,70,Lucky Kilt,Onyx Ultra Rare
202222,2022,22,Ring of Havoc,85,Ring of Havoc,Onyx Ultra Rare
202222,2022,22,Shirt of the Imbiber,95,Shirt of the Imbiber,Onyx Ultra Rare
202224,2022,24,+2 Chaos Cannon,80,+2 Chaos Cannon,Onyx Ultra Rare
202224,2022,24,+2 Mug of Battle,90,+2 Mug of Battle,Onyx Ultra Rare
202224,2022,24,+2 Staff of Power,100,+2 Staff of Power,Onyx Ultra Rare
202224,2022,24,Amulet of Aiming,70,Amulet of Aiming,Onyx Ultra Rare
202224,2022,24,Bead of Focus,100,Bead of Focus,Onyx Ultra Rare
202224,2022,24,Bead of Guided Strike,90,Bead of Guided Strike,Onyx Ultra Rare
202224,2022,24,Belt of the Deadshot,90,Belt of the Deadshot,Onyx Ultra Rare
202224,2022,24,Butterfly Cloak,60,Butterfly Cloak,Onyx Ultra Rare
202224,2022,24,C/UC/R Set,120,C/UC/R Set,Onyx Ultra Rare
202224,2022,24,Charm Bracelets,85,Charm Bracelets,Onyx Ultra Rare
202224,2022,24,Charm of Spell Storing,100,Charm of Spell Storing,Onyx Ultra Rare
202224,2022,24,Death Knight Mail,75,Death Knight Mail,Onyx Ultra Rare
202224,2022,24,Earcuff of the Ravager,95,Earcuff of the Ravager,Onyx Ultra Rare
202224,2022,24,Gloves of the Deadshot,80,Gloves of the Deadshot,Onyx Ultra Rare
202224,2022,24,Goggles of the Deadshot,90,Goggles of the Deadshot,Onyx Ultra Rare
202224,2022,24,Harlax's Helpful Lamp,90,Harlax's Helpful Lamp,Onyx Ultra Rare
202224,2022,24,Ioun Stone Fluorite Sphere,85,Ioun Stone Fluorite Sphere,Onyx Ultra Rare
202224,2022,24,Lucky Charm,85,Lucky Charm,Onyx Ultra Rare
202224,2022,24,Lucky Kilt,60,Lucky Kilt,Onyx Ultra Rare
202224,2022,24,Ring of Havoc,90,Ring of Havoc,Onyx Ultra Rare
202224,2022,24,Shirt of the Imbiber,95,Shirt of the Imbiber,Onyx Ultra Rare
202234,2022,34,+2 Chaos Cannon,55,+2 Chaos Cannon,Onyx Ultra Rare
202234,2022,34,+2 Mug of Battle,80,+2 Mug of Battle,Onyx Ultra Rare
202234,2022,34,+2 Staff of Power,75,+2 Staff of Power,Onyx Ultra Rare
202234,2022,34,Amulet of Aiming,90,Amulet of Aiming,Onyx Ultra Rare
202234,2022,34,Bead of Focus,100,Bead of Focus,Onyx Ultra Rare
202234,2022,34,Bead of Guided Strike,85,Bead of Guided Strike,Onyx Ultra Rare
202234,2022,34,Belt of the Deadshot,75,Belt of the Deadshot,Onyx Ultra Rare
202234,2022,34,Butterfly Cloak,70,Butterfly Cloak,Onyx Ultra Rare
202234,2022,34,C/UC/R Set,85,C/UC/R Set,Onyx Ultra Rare
202234,2022,34,Charm Bracelets,90,Charm Bracelets,Onyx Ultra Rare
202234,2022,34,Charm of Spell Storing,90,Charm of Spell Storing,Onyx Ultra Rare
202234,2022,34,Death Knight Mail,70,Death Knight Mail,Onyx Ultra Rare
202234,2022,34,Earcuff of the Ravager,90,Earcuff of the Ravager,Onyx Ultra Rare
202234,2022,34,Gloves of the Deadshot,55,Gloves of the Deadshot,Onyx Ultra Rare
202234,2022,34,Goggles of the Deadshot,80,Goggles of the Deadshot,Onyx Ultra Rare
202234,2022,34,Harlax's Helpful Lamp,90,Harlax's Helpful Lamp,Onyx Ultra Rare
202234,2022,34,Ioun Stone Fluorite Sphere,70,Ioun Stone Fluorite Sphere,Onyx Ultra Rare
202234,2022,34,Lucky Charm,90,Lucky Charm,Onyx Ultra Rare
202234,2022,34,Lucky Kilt,90,Lucky Kilt,Onyx Ultra Rare
202234,2022,34,Ring of Havoc,85,Ring of Havoc,Onyx Ultra Rare
202234,2022,34,Shirt of the Imbiber,85,Shirt of the Imbiber,Onyx Ultra Rare
202238,2022,38,+2 Chaos Cannon,65,+2 Chaos Cannon,Onyx Ultra Rare
202238,2022,38,+2 Mug of Battle,75,+2 Mug of Battle,Onyx Ultra Rare
202238,2022,38,+2 Staff of Power,75,+2 Staff of Power,Onyx Ultra Rare
202238,2022,38,Amulet of Aiming,75,Amulet of Aiming,Onyx Ultra Rare
202238,2022,38,Bead of Focus,80,Bead of Focus,Onyx Ultra Rare
202238,2022,38,Bead of Guided Strike,80,Bead of Guided Strike,Onyx Ultra Rare
202238,2022,38,Belt of the Deadshot,80,Belt of the Deadshot,Onyx Ultra Rare
202238,2022,38,Butterfly Cloak,65,Butterfly Cloak,Onyx Ultra Rare
202238,2022,38,C/UC/R Set,80,C/UC/R Set,Onyx Ultra Rare
202238,2022,38,Charm Bracelets,80,Charm Bracelets,Onyx Ultra Rare
202238,2022,38,Charm of Spell Storing,80,Charm of Spell Storing,Onyx Ultra Rare
202238,2022,38,Death Knight Mail,80,Death Knight Mail,Onyx Ultra Rare
202238,2022,38,Earcuff of the Ravager,80,Earcuff of the Ravager,Onyx Ultra Rare
202238,2022,38,Gloves of the Deadshot,75,Gloves of the Deadshot,Onyx Ultra Rare
202238,2022,38,Goggles of the Deadshot,75,Goggles of the Deadshot,Onyx Ultra Rare
202238,2022,38,Harlax's Helpful Lamp,80,Harlax's Helpful Lamp,Onyx Ultra Rare
202238,2022,38,Ioun Stone Fluorite Sphere,65,Ioun Stone Fluorite Sphere,Onyx Ultra Rare
202238,2022,38,Lucky Charm,80,Lucky Charm,Onyx Ultra Rare
202238,2022,38,Lucky Kilt,55,Lucky Kilt,Onyx Ultra Rare
202238,2022,38,Ring of Havoc,75,Ring of Havoc,Onyx Ultra Rare
202238,2022,38,Shirt of the Imbiber,80,Shirt of the Imbiber,Onyx Ultra Rare
202245,2022,45,+2 Chaos Cannon,75,+2 Chaos Cannon,Onyx Ultra Rare
202245,2022,45,+2 Mug of Battle,85,+2 Mug of Battle,Onyx Ultra Rare
202245,2022,45,+2 Staff of Power,80,+2 Staff of Power,Onyx Ultra Rare
202245,2022,45,Amulet of Aiming,55,Amulet of Aiming,Onyx Ultra Rare
202245,2022,45,Bead of Focus,85,Bead of Focus,Onyx Ultra Rare
202245,2022,45,Bead of Guided Strike,85,Bead of Guided Strike,Onyx Ultra Rare
202245,2022,45,Belt of the Deadshot,80,Belt of the Deadshot,Onyx Ultra Rare
202245,2022,45,Butterfly Cloak,65,Butterfly Cloak,Onyx Ultra Rare
202245,2022,45,C/UC/R Set,80,C/UC/R Set,Onyx Ultra Rare
202245,2022,45,Charm Bracelets,85,Charm Bracelets,Onyx Ultra Rare
202245,2022,45,Charm of Spell Storing,95,Charm of Spell Storing,Onyx Ultra Rare
202245,2022,45,Death Knight Mail,85,Death Knight Mail,Onyx Ultra Rare
202245,2022,45,Earcuff of the Ravager,85,Earcuff of the Ravager,Onyx Ultra Rare
202245,2022,45,Gloves of the Deadshot,80,Gloves of the Deadshot,Onyx Ultra Rare
202245,2022,45,Goggles of the Deadshot,80,Goggles of the Deadshot,Onyx Ultra Rare
202245,2022,45,Harlax's Helpful Lamp,100,Harlax's Helpful Lamp,Onyx Ultra Rare
202245,2022,45,Ioun Stone Fluorite Sphere,70,Ioun Stone Fluorite Sphere,Onyx Ultra Rare
202245,2022,45,Lucky Charm,85,Lucky Charm,Onyx Ultra Rare
202245,2022,45,Lucky Kilt,80,Lucky Kilt,Onyx Ultra Rare
202245,2022,45,Ring of Havoc,85,Ring of Havoc,Onyx Ultra Rare
202245,2022,45,Shirt of the Imbiber,80,Shirt of the Imbiber,Onyx Ultra Rare
20231,2023,1,+2 Sacred Sling,75,+2 Sacred Sling,Onyx Ultra Rare
20231,2023,1,+2 Sun Scimitar,75,+2 Sun Scimitar,Onyx Ultra Rare
20231,2023,1,Arcane Charm,100,Arcane Charm,Onyx Ultra Rare
20231,2023,1,Bead of Bounty,105,Bead of Bounty,Onyx Ultra Rare
20231,2023,1,Bead of Dark Resistance,80,Bead of Dark Resistance,Onyx Ultra Rare
20231,2023,1,Boots of Puhweehwa,80,Boots of Puhweehwa,Onyx Ultra Rare
20231,2023,1,C/UC/R Set,75,C/UC/R Set,Onyx Ultra Rare
20231,2023,1,Cloak of Retribution,85,Cloak of Retribution,Onyx Ultra Rare
20231,2023,1,Druegar's Death Die,110,Druegar's Death Die,Onyx Ultra Rare
20231,2023,1,Earcuff of Orbits,100,Earcuff of Orbits,Onyx Ultra Rare
20231,2023,1,Figurine of Power: Phoenix,90,Figurine of Power: Phoenix,Onyx Ultra Rare
20231,2023,1,Gauntlets of Divine Guidance,85,Gauntlets of Divine Guidance,Onyx Ultra Rare
20231,2023,1,Greaves of Absorption,110,Greaves of Absorption,Onyx Ultra Rare
20231,2023,1,Grunnel's Funnel,90,Grunnel's Funnel,Onyx Ultra Rare
20231,2023,1,Ioun Stone Kyanite Cube,90,Ioun Stone Kyanite Cube,Onyx Ultra Rare
20231,2023,1,Lenses of Flawsight,95,Lenses of Flawsight,Onyx Ultra Rare
20231,2023,1,Necklace of the Zephyr,70,Necklace of the Zephyr,Onyx Ultra Rare
20231,2023,1,Ring of the Savant,80,Ring of the Savant,Onyx Ultra Rare
20231,2023,1,Robe of Healing,55,Robe of Healing,Onyx Ultra Rare
20231,2023,1,Shirt of the Shrewd,90,Shirt of the Shrewd,Onyx Ultra Rare
20231,2023,1,Tome of Useful Scrolls,95,Tome of Useful Scrolls,Onyx Ultra Rare
20232,2023,2,+2 Sacred Sling,80,+2 Sacred Sling,Onyx Ultra Rare
20232,2023,2,+2 Sun Scimitar,80,+2 Sun Scimitar,Onyx Ultra Rare
20232,2023,2,Arcane Charm,95,Arcane Charm,Onyx Ultra Rare
20232,2023,2,Bead of Bounty,95,Bead of Bounty,Onyx Ultra Rare
20232,2023,2,Bead of Dark Resistance,80,Bead of Dark Resistance,Onyx Ultra Rare
20232,2023,2,Boots of Puhweehwa,55,Boots of Puhweehwa,Onyx Ultra Rare
20232,2023,2,C/UC/R Set,75,C/UC/R Set,Onyx Ultra Rare
20232,2023,2,Cloak of Retribution,75,Cloak of Retribution,Onyx Ultra Rare
20232,2023,2,Druegar's Death Die,90,Druegar's Death Die,Onyx Ultra Rare
20232,2023,2,Earcuff of Orbits,105,Earcuff of Orbits,Onyx Ultra Rare
20232,2023,2,Figurine of Power: Phoenix,90,Figurine of Power: Phoenix,Onyx Ultra Rare
20232,2023,2,Gauntlets of Divine Guidance,85,Gauntlets of Divine Guidance,Onyx Ultra Rare
20232,2023,2,Greaves of Absorption,90,Greaves of Absorption,Onyx Ultra Rare
20232,2023,2,Grunnel's Funnel,90,Grunnel's Funnel,Onyx Ultra Rare
20232,2023,2,Ioun Stone Kyanite Cube,90,Ioun Stone Kyanite Cube,Onyx Ultra Rare
20232,2023,2,Lenses of Flawsight,75,Lenses of Flawsight,Onyx Ultra Rare
20232,2023,2,Necklace of the Zephyr,70,Necklace of the Zephyr,Onyx Ultra Rare
20232,2023,2,Ring of the Savant,80,Ring of the Savant,Onyx Ultra Rare
20232,2023,2,Robe of Healing,80,Robe of Healing,Onyx Ultra Rare
20232,2023,2,Shirt of the Shrewd,90,Shirt of the Shrewd,Onyx Ultra Rare
20232,2023,2,Tome of Useful Scrolls,95,Tome of Useful Scrolls,Onyx Ultra Rare
20237,2023,7,+2 Sacred Sling,80,+2 Sacred Sling,Onyx Ultra Rare
20237,2023,7,+2 Sun Scimitar,85,+2 Sun Scimitar,Onyx Ultra Rare
20237,2023,7,Arcane Charm,95,Arcane Charm,Onyx Ultra Rare
20237,2023,7,Bead of Bounty,105,Bead of Bounty,Onyx Ultra Rare
20237,2023,7,Bead of Dark Resistance,90,Bead of Dark Resistance,Onyx Ultra Rare
20237,2023,7,Boots of Puhweehwa,80,Boots of Puhweehwa,Onyx Ultra Rare
20237,2023,7,C/UC/R Set,135,C/UC/R Set,Onyx Ultra Rare
20237,2023,7,Cloak of Retribution,75,Cloak of Retribution,Onyx Ultra Rare
20237,2023,7,Druegar's Death Die,100,Druegar's Death Die,Onyx Ultra Rare
20237,2023,7,Earcuff of Orbits,105,Earcuff of Orbits,Onyx Ultra Rare
20237,2023,7,Figurine of Power: Phoenix,95,Figurine of Power: Phoenix,Onyx Ultra Rare
20237,2023,7,Gauntlets of Divine Guidance,80,Gauntlets of Divine Guidance,Onyx Ultra Rare
20237,2023,7,Greaves of Absorption,100,Greaves of Absorption,Onyx Ultra Rare
20237,2023,7,Grunnel's Funnel,100,Grunnel's Funnel,Onyx Ultra Rare
20237,2023,7,Ioun Stone Kyanite Cube,95,Ioun Stone Kyanite Cube,Onyx Ultra Rare
20237,2023,7,Lenses of Flawsight,87,Lenses of Flawsight,Onyx Ultra Rare
20237,2023,7,Necklace of the Zephyr,60,Necklace of the Zephyr,Onyx Ultra Rare
20237,2023,7,Ring of the Savant,90,Ring of the Savant,Onyx Ultra Rare
20237,2023,7,Robe of Healing,65,Robe of Healing,Onyx Ultra Rare
20237,2023,7,Shirt of the Shrewd,105,Shirt of the Shrewd,Onyx Ultra Rare
20237,2023,7,Tome of Useful Scrolls,100,Tome of Useful Scrolls,Onyx Ultra Rare
20238,2023,8,+2 Sacred Sling,75,+2 Sacred Sling,Onyx Ultra Rare
20238,2023,8,+2 Sun Scimitar,90,+2 Sun Scimitar,Onyx Ultra Rare
20238,2023,8,Arcane Charm,95,Arcane Charm,Onyx Ultra Rare
20238,2023,8,Bead of Bounty,105,Bead of Bounty,Onyx Ultra Rare
20238,2023,8,Bead of Dark Resistance,85,Bead of Dark Resistance,Onyx Ultra Rare
20238,2023,8,Boots of Puhweehwa,60,Boots of Puhweehwa,Onyx Ultra Rare
20238,2023,8,C/UC/R Set,85,C/UC/R Set,Onyx Ultra Rare
20238,2023,8,Cloak of Retribution,65,Cloak of Retribution,Onyx Ultra Rare
20238,2023,8,Druegar's Death Die,115,Druegar's Death Die,Onyx Ultra Rare
20238,2023,8,Earcuff of Orbits,100,Earcuff of Orbits,Onyx Ultra Rare
20238,2023,8,Figurine of Power: Phoenix,90,Figurine of Power: Phoenix,Onyx Ultra Rare
20238,2023,8,Gauntlets of Divine Guidance,70,Gauntlets of Divine Guidance,Onyx Ultra Rare
20238,2023,8,Greaves of Absorption,110,Greaves of Absorption,Onyx Ultra Rare
20238,2023,8,Grunnel's Funnel,85,Grunnel's Funnel,Onyx Ultra Rare
20238,2023,8,Ioun Stone Kyanite Cube,90,Ioun Stone Kyanite Cube,Onyx Ultra Rare
20238,2023,8,Lenses of Flawsight,90,Lenses of Flawsight,Onyx Ultra Rare
20238,2023,8,Necklace of the Zephyr,75,Necklace of the Zephyr,Onyx Ultra Rare
20238,2023,8,Ring of the Savant,80,Ring of the Savant,Onyx Ultra Rare
20238,2023,8,Robe of Healing,65,Robe of Healing,Onyx Ultra Rare
20238,2023,8,Shirt of the Shrewd,95,Shirt of the Shrewd,Onyx Ultra Rare
20238,2023,8,Tome of Useful Scrolls,85,Tome of Useful Scrolls,Onyx Ultra Rare
202313,2023,13,+2 Sacred Sling,75,+2 Sacred Sling,Onyx Ultra Rare
202313,2023,13,+2 Sun Scimitar,70,+2 Sun Scimitar,Onyx Ultra Rare
202313,2023,13,Arcane Charm,85,Arcane Charm,Onyx Ultra Rare
202313,2023,13,Bead of Bounty,105,Bead of Bounty,Onyx Ultra Rare
202313,2023,13,Bead of Dark Resistance,75,Bead of Dark Resistance,Onyx Ultra Rare
202313,2023,13,Boots of Puhweehwa,70,Boots of Puhweehwa,Onyx Ultra Rare
202313,2023,13,C/UC/R Set,90,C/UC/R Set,Onyx Ultra Rare
202313,2023,13,Cloak of Retribution,75,Cloak of Retribution,Onyx Ultra Rare
202313,2023,13,Druegar's Death Die,100,Druegar's Death Die,Onyx Ultra Rare
202313,2023,13,Earcuff of Orbits,95,Earcuff of Orbits,Onyx Ultra Rare
202313,2023,13,Figurine of Power: Phoenix,90,Figurine of Power: Phoenix,Onyx Ultra Rare
202313,2023,13,Gauntlets of Divine Guidance,75,Gauntlets of Divine Guidance,Onyx Ultra Rare
202313,2023,13,Greaves of Absorption,115,Greaves of Absorption,Onyx Ultra Rare
202313,2023,13,Grunnel's Funnel,85,Grunnel's Funnel,Onyx Ultra Rare
202313,2023,13,Ioun Stone Kyanite Cube,95,Ioun Stone Kyanite Cube,Onyx Ultra Rare
202313,2023,13,Lenses of Flawsight,55,Lenses of Flawsight,Onyx Ultra Rare
202313,2023,13,Necklace of the Zephyr,65,Necklace of the Zephyr,Onyx Ultra Rare
202313,2023,13,Ring of the Savant,55,Ring of the Savant,Onyx Ultra Rare
202313,2023,13,Robe of Healing,55,Robe of Healing,Onyx Ultra Rare
202313,2023,13,Shirt of the Shrewd,95,Shirt of the Shrewd,Onyx Ultra Rare
202313,2023,13,Tome of Useful Scrolls,80,Tome of Useful Scrolls,Onyx Ultra Rare
202315,2023,15,+2 Sacred Sling,75,+2 Sacred Sling,Onyx Ultra Rare
202315,2023,15,+2 Sun Scimitar,80,+2 Sun Scimitar,Onyx Ultra Rare
202315,2023,15,Arcane Charm,95,Arcane Charm,Onyx Ultra Rare
202315,2023,15,Bead of Bounty,105,Bead of Bounty,Onyx Ultra Rare
202315,2023,15,Bead of Dark Resistance,105,Bead of Dark Resistance,Onyx Ultra Rare
202315,2023,15,Boots of Puhweehwa,80,Boots of Puhweehwa,Onyx Ultra Rare
202315,2023,15,C/UC/R Set,90,C/UC/R Set,Onyx Ultra Rare
202315,2023,15,Cloak of Retribution,70,Cloak of Retribution,Onyx Ultra Rare
202315,2023,15,Druegar's Death Die,110,Druegar's Death Die,Onyx Ultra Rare
202315,2023,15,Earcuff of Orbits,125,Earcuff of Orbits,Onyx Ultra Rare
202315,2023,15,Figurine of Power: Phoenix,95,Figurine of Power: Phoenix,Onyx Ultra Rare
202315,2023,15,Gauntlets of Divine Guidance,75,Gauntlets of Divine Guidance,Onyx Ultra Rare
202315,2023,15,Greaves of Absorption,115,Greaves of Absorption,Onyx Ultra Rare
202315,2023,15,Grunnel's Funnel,80,Grunnel's Funnel,Onyx Ultra Rare
202315,2023,15,Ioun Stone Kyanite Cube,110,Ioun Stone Kyanite Cube,Onyx Ultra Rare
202315,2023,15,Lenses of Flawsight,95,Lenses of Flawsight,Onyx Ultra Rare
202315,2023,15,Necklace of the Zephyr,80,Necklace of the Zephyr,Onyx Ultra Rare
202315,2023,15,Ring of the Savant,85,Ring of the Savant,Onyx Ultra Rare
202315,2023,15,Robe of Healing,80,Robe of Healing,Onyx Ultra Rare
202315,2023,15,Shirt of the Shrewd,100,Shirt of the Shrewd,Onyx Ultra Rare
202315,2023,15,Tome of Useful Scrolls,85,Tome of Useful Scrolls,Onyx Ultra Rare
202319,2023,19,+2 Sacred Sling,95,+2 Sacred Sling,Onyx Ultra Rare
202319,2023,19,+2 Sun Scimitar,75,+2 Sun Scimitar,Onyx Ultra Rare
202319,2023,19,Arcane Charm,95,Arcane Charm,Onyx Ultra Rare
202319,2023,19,Bead of Bounty,100,Bead of Bounty,Onyx Ultra Rare
202319,2023,19,Bead of Dark Resistance,80,Bead of Dark Resistance,Onyx Ultra Rare
202319,2023,19,Boots of Puhweehwa,65,Boots of Puhweehwa,Onyx Ultra Rare
202319,2023,19,C/UC/R Set,100,C/UC/R Set,Onyx Ultra Rare
202319,2023,19,Cloak of Retribution,90,Cloak of Retribution,Onyx Ultra Rare
202319,2023,19,Druegar's Death Die,100,Druegar's Death Die,Onyx Ultra Rare
202319,2023,19,Earcuff of Orbits,95,Earcuff of Orbits,Onyx Ultra Rare
202319,2023,19,Figurine of Power: Phoenix,95,Figurine of Power: Phoenix,Onyx Ultra Rare
202319,2023,19,Gauntlets of Divine Guidance,75,Gauntlets of Divine Guidance,Onyx Ultra Rare
202319,2023,19,Greaves of Absorption,115,Greaves of Absorption,Onyx Ultra Rare
202319,2023,19,Grunnel's Funnel,75,Grunnel's Funnel,Onyx Ultra Rare
202319,2023,19,Ioun Stone Kyanite Cube,100,Ioun Stone Kyanite Cube,Onyx Ultra Rare
202319,2023,19,Lenses of Flawsight,75,Lenses of Flawsight,Onyx Ultra Rare
202319,2023,19,Necklace of the Zephyr,75,Necklace of the Zephyr,Onyx Ultra Rare
202319,2023,19,Ring of the Savant,85,Ring of the Savant,Onyx Ultra Rare
202319,2023,19,Robe of Healing,80,Robe of Healing,Onyx Ultra Rare
202319,2023,19,Shirt of the Shrewd,90,Shirt of the Shrewd,Onyx Ultra Rare
202319,2023,19,Tome of Useful Scrolls,80,Tome of Useful Scrolls,Onyx Ultra Rare
202323,2023,23,+2 Sacred Sling,80,+2 Sacred Sling,Onyx Ultra Rare
202323,2023,23,+2 Sun Scimitar,85,+2 Sun Scimitar,Onyx Ultra Rare
202323,2023,23,Arcane Charm,90,Arcane Charm,Onyx Ultra Rare
202323,2023,23,Bead of Bounty,115,Bead of Bounty,Onyx Ultra Rare
202323,2023,23,Bead of Dark Resistance,70,Bead of Dark Resistance,Onyx Ultra Rare
202323,2023,23,Boots of Puhweehwa,70,Boots of Puhweehwa,Onyx Ultra Rare
202323,2023,23,C/UC/R Set,75,C/UC/R Set,Onyx Ultra Rare
202323,2023,23,Cloak of Retribution,80,Cloak of Retribution,Onyx Ultra Rare
202323,2023,23,Druegar's Death Die,100,Druegar's Death Die,Onyx Ultra Rare
202323,2023,23,Earcuff of Orbits,100,Earcuff of Orbits,Onyx Ultra Rare
202323,2023,23,Figurine of Power: Phoenix,90,Figurine of Power: Phoenix,Onyx Ultra Rare
202323,2023,23,Gauntlets of Divine Guidance,55,Gauntlets of Divine Guidance,Onyx Ultra Rare
202323,2023,23,Greaves of Absorption,120,Greaves of Absorption,Onyx Ultra Rare
202323,2023,23,Grunnel's Funnel,85,Grunnel's Funnel,Onyx Ultra Rare
202323,2023,23,Ioun Stone Kyanite Cube,85,Ioun Stone Kyanite Cube,Onyx Ultra Rare
202323,2023,23,Lenses of Flawsight,85,Lenses of Flawsight,Onyx Ultra Rare
202323,2023,23,Necklace of the Zephyr,80,Necklace of the Zephyr,Onyx Ultra Rare
202323,2023,23,Ring of the Savant,60,Ring of the Savant,Onyx Ultra Rare
202323,2023,23,Robe of Healing,65,Robe of Healing,Onyx Ultra Rare
202323,2023,23,Shirt of the Shrewd,95,Shirt of the Shrewd,Onyx Ultra Rare
202323,2023,23,Tome of Useful Scrolls,80,Tome of Useful Scrolls,Onyx Ultra Rare
202329,2023,29,+2 Sacred Sling,80,+2 Sacred Sling,Onyx Ultra Rare
202329,2023,29,+2 Sun Scimitar,90,+2 Sun Scimitar,Onyx Ultra Rare
202329,2023,29,Arcane Charm,90,Arcane Charm,Onyx Ultra Rare
202329,2023,29,Bead of Bounty,105,Bead of Bounty,Onyx Ultra Rare
202329,2023,29,Bead of Dark Resistance,90,Bead of Dark Resistance,Onyx Ultra Rare
202329,2023,29,Boots of Puhweehwa,80,Boots of Puhweehwa,Onyx Ultra Rare
202329,2023,29,C/UC/R Set,90,C/UC/R Set,Onyx Ultra Rare
202329,2023,29,Cloak of Retribution,80,Cloak of Retribution,Onyx Ultra Rare
202329,2023,29,Druegar's Death Die,85,Druegar's Death Die,Onyx Ultra Rare
202329,2023,29,Earcuff of Orbits,100,Earcuff of Orbits,Onyx Ultra Rare
202329,2023,29,Figurine of Power: Phoenix,90,Figurine of Power: Phoenix,Onyx Ultra Rare
202329,2023,29,Gauntlets of Divine Guidance,80,Gauntlets of Divine Guidance,Onyx Ultra Rare
202329,2023,29,Greaves of Absorption,90,Greaves of Absorption,Onyx Ultra Rare
202329,2023,29,Grunnel's Funnel,85,Grunnel's Funnel,Onyx Ultra Rare
202329,2023,29,Ioun Stone Kyanite Cube,85,Ioun Stone Kyanite Cube,Onyx Ultra Rare
202329,2023,29,Lenses of Flawsight,80,Lenses of Flawsight,Onyx Ultra Rare
202329,2023,29,Necklace of the Zephyr,80,Necklace of the Zephyr,Onyx Ultra Rare
202329,2023,29,Ring of the Savant,80,Ring of the Savant,Onyx Ultra Rare
202329,2023,29,Robe of Healing,80,Robe of Healing,Onyx Ultra Rare
202329,2023,29,Shirt of the Shrewd,90,Shirt of the Shrewd,Onyx Ultra Rare
202329,2023,29,Tome of Useful Scrolls,80,Tome of Useful Scrolls,Onyx Ultra Rare
202331,2023,31,+2 Sacred Sling,85,+2 Sacred Sling,Onyx Ultra Rare
202331,2023,31,+2 Sun Scimitar,90,+2 Sun Scimitar,Onyx Ultra Rare
202331,2023,31,Arcane Charm,90,Arcane Charm,Onyx Ultra Rare
202331,2023,31,Bead of Bounty,100,Bead of Bounty,Onyx Ultra Rare
202331,2023,31,Bead of Dark Resistance,90,Bead of Dark Resistance,Onyx Ultra Rare
202331,2023,31,Boots of Puhweehwa,85,Boots of Puhweehwa,Onyx Ultra Rare
202331,2023,31,C/UC/R Set,95,C/UC/R Set,Onyx Ultra Rare
202331,2023,31,Cloak of Retribution,90,Cloak of Retribution,Onyx Ultra Rare
202331,2023,31,Druegar's Death Die,95,Druegar's Death Die,Onyx Ultra Rare
202331,2023,31,Earcuff of Orbits,95,Earcuff of Orbits,Onyx Ultra Rare
202331,2023,31,Figurine of Power: Phoenix,80,Figurine of Power: Phoenix,Onyx Ultra Rare
202331,2023,31,Gauntlets of Divine Guidance,65,Gauntlets of Divine Guidance,Onyx Ultra Rare
202331,2023,31,Greaves of Absorption,105,Greaves of Absorption,Onyx Ultra Rare
202331,2023,31,Grunnel's Funnel,90,Grunnel's Funnel,Onyx Ultra Rare
202331,2023,31,Ioun Stone Kyanite Cube,90,Ioun Stone Kyanite Cube,Onyx Ultra Rare
202331,2023,31,Lenses of Flawsight,80,Lenses of Flawsight,Onyx Ultra Rare
202331,2023,31,Necklace of the Zephyr,85,Necklace of the Zephyr,Onyx Ultra Rare
202331,2023,31,Ring of the Savant,70,Ring of the Savant,Onyx Ultra Rare
202331,2023,31,Robe of Healing,60,Robe of Healing,Onyx Ultra Rare
202331,2023,31,Shirt of the Shrewd,90,Shirt of the Shrewd,Onyx Ultra Rare
202331,2023,31,Tome of Useful Scrolls,90,Tome of Useful Scrolls,Onyx Ultra Rare
202333,2023,33,+2 Sacred Sling,60,+2 Sacred Sling,Onyx Ultra Rare
202333,2023,33,+2 Sun Scimitar,75,+2 Sun Scimitar,Onyx Ultra Rare
202333,2023,33,Arcane Charm,85,Arcane Charm,Onyx Ultra Rare
202333,2023,33,Bead of Bounty,100,Bead of Bounty,Onyx Ultra Rare
202333,2023,33,Bead of Dark Resistance,85,Bead of Dark Resistance,Onyx Ultra Rare
202333,2023,33,Boots of Puhweehwa,70,Boots of Puhweehwa,Onyx Ultra Rare
202333,2023,33,C/UC/R Set,90,C/UC/R Set,Onyx Ultra Rare
202333,2023,33,Cloak of Retribution,75,Cloak of Retribution,Onyx Ultra Rare
202333,2023,33,Druegar's Death Die,100,Druegar's Death Die,Onyx Ultra Rare
202333,2023,33,Earcuff of Orbits,90,Earcuff of Orbits,Onyx Ultra Rare
202333,2023,33,Figurine of Power: Phoenix,90,Figurine of Power: Phoenix,Onyx Ultra Rare
202333,2023,33,Gauntlets of Divine Guidance,70,Gauntlets of Divine Guidance,Onyx Ultra Rare
202333,2023,33,Greaves of Absorption,115,Greaves of Absorption,Onyx Ultra Rare
202333,2023,33,Grunnel's Funnel,80,Grunnel's Funnel,Onyx Ultra Rare
202333,2023,33,Ioun Stone Kyanite Cube,95,Ioun Stone Kyanite Cube,Onyx Ultra Rare
202333,2023,33,Lenses of Flawsight,75,Lenses of Flawsight,Onyx Ultra Rare
202333,2023,33,Necklace of the Zephyr,60,Necklace of the Zephyr,Onyx Ultra Rare
202333,2023,33,Ring of the Savant,70,Ring of the Savant,Onyx Ultra Rare
202333,2023,33,Robe of Healing,60,Robe of Healing,Onyx Ultra Rare
202333,2023,33,Shirt of the Shrewd,95,Shirt of the Shrewd,Onyx Ultra Rare
202333,2023,33,Tome of Useful Scrolls,80,Tome of Useful Scrolls,Onyx Ultra Rare
202335,2023,35,+2 Sacred Sling,70,+2 Sacred Sling,Onyx Ultra Rare
202335,2023,35,+2 Sun Scimitar,80,+2 Sun Scimitar,Onyx Ultra Rare
202335,2023,35,Arcane Charm,95,Arcane Charm,Onyx Ultra Rare
202335,2023,35,Bead of Bounty,111,Bead of Bounty,Onyx Ultra Rare
202335,2023,35,Bead of Dark Resistance,96.5,Bead of Dark Resistance,Onyx Ultra Rare
202335,2023,35,Boots of Puhweehwa,55,Boots of Puhweehwa,Onyx Ultra Rare
202335,2023,35,C/UC/R Set,105,C/UC/R Set,Onyx Ultra Rare
202335,2023,35,Cloak of Retribution,80,Cloak of Retribution,Onyx Ultra Rare
202335,2023,35,Druegar's Death Die,85.69,Druegar's Death Die,Onyx Ultra Rare
202335,2023,35,Earcuff of Orbits,95,Earcuff of Orbits,Onyx Ultra Rare
202335,2023,35,Figurine of Power: Phoenix,75,Figurine of Power: Phoenix,Onyx Ultra Rare
202335,2023,35,Gauntlets of Divine Guidance,71,Gauntlets of Divine Guidance,Onyx Ultra Rare
202335,2023,35,Greaves of Absorption,100,Greaves of Absorption,Onyx Ultra Rare
202335,2023,35,Grunnel's Funnel,85,Grunnel's Funnel,Onyx Ultra Rare
202335,2023,35,Ioun Stone Kyanite Cube,97,Ioun Stone Kyanite Cube,Onyx Ultra Rare
202335,2023,35,Lenses of Flawsight,75,Lenses of Flawsight,Onyx Ultra Rare
202335,2023,35,Necklace of the Zephyr,72,Necklace of the Zephyr,Onyx Ultra Rare
202335,2023,35,Ring of the Savant,60,Ring of the Savant,Onyx Ultra Rare
202335,2023,35,Robe of Healing,65,Robe of Healing,Onyx Ultra Rare
202335,2023,35,Shirt of the Shrewd,96.02,Shirt of the Shrewd,Onyx Ultra Rare
202335,2023,35,Tome of Useful Scrolls,80,Tome of Useful Scrolls,Onyx Ultra Rare
202336,2023,36,+2 Sacred Sling,41,+2 Sacred Sling,Onyx Ultra Rare
202336,2023,36,+2 Sun Scimitar,81,+2 Sun Scimitar,Onyx Ultra Rare
202336,2023,36,Arcane Charm,99,Arcane Charm,Onyx Ultra Rare
202336,2023,36,Bead of Bounty,96,Bead of Bounty,Onyx Ultra Rare
202336,2023,36,Bead of Dark Resistance,87,Bead of Dark Resistance,Onyx Ultra Rare
202336,2023,36,Boots of Puhweehwa,86,Boots of Puhweehwa,Onyx Ultra Rare
202336,2023,36,C/UC/R Set,91,C/UC/R Set,Onyx Ultra Rare
202336,2023,36,Cloak of Retribution,70,Cloak of Retribution,Onyx Ultra Rare
202336,2023,36,Druegar's Death Die,81,Druegar's Death Die,Onyx Ultra Rare
202336,2023,36,Earcuff of Orbits,91,Earcuff of Orbits,Onyx Ultra Rare
202336,2023,36,Figurine of Power: Phoenix,87,Figurine of Power: Phoenix,Onyx Ultra Rare
202336,2023,36,Gauntlets of Divine Guidance,75,Gauntlets of Divine Guidance,Onyx Ultra Rare
202336,2023,36,Greaves of Absorption,100,Greaves of Absorption,Onyx Ultra Rare
202336,2023,36,Grunnel's Funnel,81,Grunnel's Funnel,Onyx Ultra Rare
202336,2023,36,Ioun Stone Kyanite Cube,86,Ioun Stone Kyanite Cube,Onyx Ultra Rare
202336,2023,36,Lenses of Flawsight,80,Lenses of Flawsight,Onyx Ultra Rare
202336,2023,36,Necklace of the Zephyr,81,Necklace of the Zephyr,Onyx Ultra Rare
202336,2023,36,Ring of the Savant,68,Ring of the Savant,Onyx Ultra Rare
202336,2023,36,Robe of Healing,86,Robe of Healing,Onyx Ultra Rare
202336,2023,36,Shirt of the Shrewd,81,Shirt of the Shrewd,Onyx Ultra Rare
202336,2023,36,Tome of Useful Scrolls,101,Tome of Useful Scrolls,Onyx Ultra Rare
202346,2023,46,+2 Sacred Sling,51,+2 Sacred Sling,Onyx Ultra Rare
202346,2023,46,+2 Sun Scimitar,67,+2 Sun Scimitar,Onyx Ultra Rare
202346,2023,46,Arcane Charm,78,Arcane Charm,Onyx Ultra Rare
202346,2023,46,Bead of Bounty,126,Bead of Bounty,Onyx Ultra Rare
202346,2023,46,Bead of Dark Resistance,61,Bead of Dark Resistance,Onyx Ultra Rare
202346,2023,46,Boots of Puhweehwa,31,Boots of Puhweehwa,Onyx Ultra Rare
202346,2023,46,C/UC/R Set,51,C/UC/R Set,Onyx Ultra Rare
202346,2023,46,Cloak of Retribution,61,Cloak of Retribution,Onyx Ultra Rare
202346,2023,46,Druegar's Death Die,76,Druegar's Death Die,Onyx Ultra Rare
202346,2023,46,Earcuff of Orbits,73,Earcuff of Orbits,Onyx Ultra Rare
202346,2023,46,Figurine of Power: Phoenix,56,Figurine of Power: Phoenix,Onyx Ultra Rare
202346,2023,46,Gauntlets of Divine Guidance,61,Gauntlets of Divine Guidance,Onyx Ultra Rare
202346,2023,46,Greaves of Absorption,87,Greaves of Absorption,Onyx Ultra Rare
202346,2023,46,Grunnel's Funnel,60,Grunnel's Funnel,Onyx Ultra Rare
202346,2023,46,Ioun Stone Kyanite Cube,73,Ioun Stone Kyanite Cube,Onyx Ultra Rare
202346,2023,46,Lenses of Flawsight,71,Lenses of Flawsight,Onyx Ultra Rare
202346,2023,46,Necklace of the Zephyr,41,Necklace of the Zephyr,Onyx Ultra Rare
202346,2023,46,Ring of the Savant,51,Ring of the Savant,Onyx Ultra Rare
202346,2023,46,Robe of Healing,35,Robe of Healing,Onyx Ultra Rare
202346,2023,46,Shirt of the Shrewd,76,Shirt of the Shrewd,Onyx Ultra Rare
202346,2023,46,Tome of Useful Scrolls,77,Tome of Useful Scrolls,Onyx Ultra Rare
20243,2024,3,+2 Mystic Staff of the Ancients,65,+2 Mystic Staff of the Ancients,Onyx Ultra Rare
20243,2024,3,+2 Savage Sword,80,+2 Savage Sword,Onyx Ultra Rare
20243,2024,3,Acherin's Biting Bow,85,Acherin's Biting Bow,Onyx Ultra Rare
20243,2024,3,Armor of the Ancients,55,Armor of the Ancients,Onyx Ultra Rare
20243,2024,3,Boots of Brawling,65,Boots of Brawling,Onyx Ultra Rare
20243,2024,3,Bracelets of Bounding,45,Bracelets of Bounding,Onyx Ultra Rare
20243,2024,3,C/UC/R Set,95,C/UC/R Set,Onyx Ultra Rare
20243,2024,3,Charm of Shared Recovery,85,Charm of Shared Recovery,Onyx Ultra Rare
20243,2024,3,Charm of the Ancients,55,Charm of the Ancients,Onyx Ultra Rare
20243,2024,3,Death Knight Cloak,95,Death Knight Cloak,Onyx Ultra Rare
20243,2024,3,Death Knight Shield,95,Death Knight Shield,Onyx Ultra Rare
20243,2024,3,Earcuff of Sage Spite,55,Earcuff of Sage Spite,Onyx Ultra Rare
20243,2024,3,Figurine of Power: Cat,80,Figurine of Power: Cat,Onyx Ultra Rare
20243,2024,3,Gloves of the Gladiator,75,Gloves of the Gladiator,Onyx Ultra Rare
20243,2024,3,Greaves of the Stalwart,85,Greaves of the Stalwart,Onyx Ultra Rare
20243,2024,3,Ioun Stone Amethyst Prism,75,Ioun Stone Amethyst Prism,Onyx Ultra Rare
20243,2024,3,Kilt of Divine Healing,80,Kilt of Divine Healing,Onyx Ultra Rare
20243,2024,3,Lenses of the Fae,100,Lenses of the Fae,Onyx Ultra Rare
20243,2024,3,Libram of Looting,95,Libram of Looting,Onyx Ultra Rare
20243,2024,3,Ring of the Ancients,65,Ring of the Ancients,Onyx Ultra Rare
20243,2024,3,Robe of the Ancients,60,Robe of the Ancients,Onyx Ultra Rare
20246,2024,6,+2 Mystic Staff of the Ancients,85,+2 Mystic Staff of the Ancients,Onyx Ultra Rare
20246,2024,6,+2 Savage Sword,80,+2 Savage Sword,Onyx Ultra Rare
20246,2024,6,Acherin's Biting Bow,85,Acherin's Biting Bow,Onyx Ultra Rare
20246,2024,6,Armor of the Ancients,80,Armor of the Ancients,Onyx Ultra Rare
20246,2024,6,Boots of Brawling,80,Boots of Brawling,Onyx Ultra Rare
20246,2024,6,Bracelets of Bounding,75,Bracelets of Bounding,Onyx Ultra Rare
20246,2024,6,C/UC/R Set,110,C/UC/R Set,Onyx Ultra Rare
20246,2024,6,Charm of Shared Recovery,90,Charm of Shared Recovery,Onyx Ultra Rare
20246,2024,6,Charm of the Ancients,80,Charm of the Ancients,Onyx Ultra Rare
20246,2024,6,Death Knight Cloak,85,Death Knight Cloak,Onyx Ultra Rare
20246,2024,6,Death Knight Shield,85,Death Knight Shield,Onyx Ultra Rare
20246,2024,6,Earcuff of Sage Spite,75,Earcuff of Sage Spite,Onyx Ultra Rare
20246,2024,6,Figurine of Power: Cat,85,Figurine of Power: Cat,Onyx Ultra Rare
20246,2024,6,Gloves of the Gladiator,85,Gloves of the Gladiator,Onyx Ultra Rare
20246,2024,6,Greaves of the Stalwart,75,Greaves of the Stalwart,Onyx Ultra Rare
20246,2024,6,Ioun Stone Amethyst Prism,85,Ioun Stone Amethyst Prism,Onyx Ultra Rare
20246,2024,6,Kilt of Divine Healing,80,Kilt of Divine Healing,Onyx Ultra Rare
20246,2024,6,Lenses of the Fae,90,Lenses of the Fae,Onyx Ultra Rare
20246,2024,6,Libram of Looting,85,Libram of Looting,Onyx Ultra Rare
20246,2024,6,Ring of the Ancients,65,Ring of the Ancients,Onyx Ultra Rare
20246,2024,6,Robe of the Ancients,85,Robe of the Ancients,Onyx Ultra Rare
20259,2025,9,+2 Rod of Focus,70,+2 Rod of Focus,Onyx Ultra Rare
20259,2025,9,Amulet of Folkvangr,50,Amulet of Folkvangr,Onyx Ultra Rare
20259,2025,9,Bead Bracelets,60,Bead Bracelets,Onyx Ultra Rare
20259,2025,9,Bead of Celecia,80,Bead of Celecia,Onyx Ultra Rare
20259,2025,9,Bead of Greed,125,Bead of Greed,Onyx Ultra Rare
20259,2025,9,Belt of the Hunter,65,Belt of the Hunter,Onyx Ultra Rare
20259,2025,9,C/UC/R Set,130,C/UC/R Set,Onyx Ultra Rare
20259,2025,9,Charm of Echoed Taunts,70,Charm of Echoed Taunts,Onyx Ultra Rare
20259,2025,9,Charm of Temptation,70,Charm of Temptation,Onyx Ultra Rare
20259,2025,9,Charm of the Hedgehog,70,Charm of the Hedgehog,Onyx Ultra Rare
20259,2025,9,Death Knight Helm,75,Death Knight Helm,Onyx Ultra Rare
20259,2025,9,Earcuff of the Cabal,70,Earcuff of the Cabal,Onyx Ultra Rare
20259,2025,9,Eye Patch of the Aesir,50,Eye Patch of the Aesir,Onyx Ultra Rare
20259,2025,9,Greaves of Deflection,80,Greaves of Deflection,Onyx Ultra Rare
20259,2025,9,Holy Symbol of Thor,70,Holy Symbol of Thor,Onyx Ultra Rare
20259,2025,9,Ioun Stone Topaz Trilliant,70,Ioun Stone Topaz Trilliant,Onyx Ultra Rare
20259,2025,9,Nightshade's Grim Gloves,50,Nightshade's Grim Gloves,Onyx Ultra Rare
20259,2025,9,Picc's Grindstone,125,Picc's Grindstone,Onyx Ultra Rare
20259,2025,9,Shield Maiden Bracers,50,Shield Maiden Bracers,Onyx Ultra Rare
20259,2025,9,Shield of Guarding,55,Shield of Guarding,Onyx Ultra Rare
20259,2025,9,Thor's Mug of Melee,70,Thor's Mug of Melee,Onyx Ultra Rare
202520,2025,20,+2 Rod of Focus,60,+2 Rod of Focus,Onyx Ultra Rare
202520,2025,20,Amulet of Folkvangr,50,Amulet of Folkvangr,Onyx Ultra Rare
202520,2025,20,Bead Bracelets,60,Bead Bracelets,Onyx Ultra Rare
202520,2025,20,Bead of Celecia,60,Bead of Celecia,Onyx Ultra Rare
202520,2025,20,Bead of Greed,140,Bead of Greed,Onyx Ultra Rare
202520,2025,20,Belt of the Hunter,35,Belt of the Hunter,Onyx Ultra Rare
202520,2025,20,C/UC/R Set,95,C/UC/R Set,Onyx Ultra Rare
202520,2025,20,Charm of Echoed Taunts,60,Charm of Echoed Taunts,Onyx Ultra Rare
202520,2025,20,Charm of Temptation,60,Charm of Temptation,Onyx Ultra Rare
202520,2025,20,Charm of the Hedgehog,55,Charm of the Hedgehog,Onyx Ultra Rare
202520,2025,20,Death Knight Helm,70,Death Knight Helm,Onyx Ultra Rare
202520,2025,20,Earcuff of the Cabal,41,Earcuff of the Cabal,Onyx Ultra Rare
202520,2025,20,Eye Patch of the Aesir,50,Eye Patch of the Aesir,Onyx Ultra Rare
202520,2025,20,Greaves of Deflection,70,Greaves of Deflection,Onyx Ultra Rare
202520,2025,20,Holy Symbol of Thor,70,Holy Symbol of Thor,Onyx Ultra Rare
202520,2025,20,Ioun Stone Topaz Trilliant,85,Ioun Stone Topaz Trilliant,Onyx Ultra Rare
202520,2025,20,Nightshade's Grim Gloves,41,Nightshade's Grim Gloves,Onyx Ultra Rare
202520,2025,20,Picc's Grindstone,130,Picc's Grindstone,Onyx Ultra Rare
202520,2025,20,Shield Maiden Bracers,36,Shield Maiden Bracers,Onyx Ultra Rare
202520,2025,20,Shield of Guarding,46,Shield of Guarding,Onyx Ultra Rare
202520,2025,20,Thor's Mug of Melee,60,Thor's Mug of Melee,Onyx Ultra Rare
202534,2025,34,+2 Rod of Focus,58,+2 Rod of Focus,Onyx Ultra Rare
202534,2025,34,Amulet of Folkvangr,32,Amulet of Folkvangr,Onyx Ultra Rare
202534,2025,34,Bead Bracelets,65,Bead Bracelets,Onyx Ultra Rare
202534,2025,34,Bead of Celecia,62,Bead of Celecia,Onyx Ultra Rare
202534,2025,34,Bead of Greed,75,Bead of Greed,Onyx Ultra Rare
202534,2025,34,Belt of the Hunter,26,Belt of the Hunter,Onyx Ultra Rare
202534,2025,34,C/UC/R Set,110,C/UC/R Set,Onyx Ultra Rare
202534,2025,34,Charm of Echoed Taunts,47,Charm of Echoed Taunts,Onyx Ultra Rare
202534,2025,34,Charm of Temptation,47,Charm of Temptation,Onyx Ultra Rare
202534,2025,34,Charm of the Hedgehog,51,Charm of the Hedgehog,Onyx Ultra Rare
202534,2025,34,Death Knight Helm,46,Death Knight Helm,Onyx Ultra Rare
202534,2025,34,Earcuff of the Cabal,36,Earcuff of the Cabal,Onyx Ultra Rare
202534,2025,34,Eye Patch of the Aesir,41,Eye Patch of the Aesir,Onyx Ultra Rare
202534,2025,34,Greaves of Deflection,52,Greaves of Deflection,Onyx Ultra Rare
202534,2025,34,Holy Symbol of Thor,65,Holy Symbol of Thor,Onyx Ultra Rare
202534,2025,34,Ioun Stone Topaz Trilliant,52,Ioun Stone Topaz Trilliant,Onyx Ultra Rare
202534,2025,34,Nightshade's Grim Gloves,32,Nightshade's Grim Gloves,Onyx Ultra Rare
202534,2025,34,Picc's Grindstone,96,Picc's Grindstone,Onyx Ultra Rare
202534,2025,34,Shield Maiden Bracers,36,Shield Maiden Bracers,Onyx Ultra Rare
202534,2025,34,Shield of Guarding,45,Shield of Guarding,Onyx Ultra Rare
202534,2025,34,Thor's Mug of Melee,75,Thor's Mug of Melee,Onyx Ultra Rare
202537,2025,37,+2 Rod of Focus,52,+2 Rod of Focus,Onyx Ultra Rare
202537,2025,37,Amulet of Folkvangr,36,Amulet of Folkvangr,Onyx Ultra Rare
202537,2025,37,Bead Bracelets,46,Bead Bracelets,Onyx Ultra Rare
202537,2025,37,Bead of Celecia,65,Bead of Celecia,Onyx Ultra Rare
202537,2025,37,Bead of Greed,100,Bead of Greed,Onyx Ultra Rare
202537,2025,37,Belt of the Hunter,27,Belt of the Hunter,Onyx Ultra Rare
202537,2025,37,C/UC/R Set,105,C/UC/R Set,Onyx Ultra Rare
202537,2025,37,Charm of Echoed Taunts,41,Charm of Echoed Taunts,Onyx Ultra Rare
202537,2025,37,Charm of Temptation,36,Charm of Temptation,Onyx Ultra Rare
202537,2025,37,Charm of the Hedgehog,42,Charm of the Hedgehog,Onyx Ultra Rare
202537,2025,37,Death Knight Helm,50,Death Knight Helm,Onyx Ultra Rare
202537,2025,37,Earcuff of the Cabal,75,Earcuff of the Cabal,Onyx Ultra Rare
202537,2025,37,Eye Patch of the Aesir,46,Eye Patch of the Aesir,Onyx Ultra Rare
202537,2025,37,Greaves of Deflection,85,Greaves of Deflection,Onyx Ultra Rare
202537,2025,37,Holy Symbol of Thor,65,Holy Symbol of Thor,Onyx Ultra Rare
202537,2025,37,Ioun Stone Topaz Trilliant,46,Ioun Stone Topaz Trilliant,Onyx Ultra Rare
202537,2025,37,Nightshade's Grim Gloves,46,Nightshade's Grim Gloves,Onyx Ultra Rare
202537,2025,37,Picc's Grindstone,125,Picc's Grindstone,Onyx Ultra Rare
202537,2025,37,Shield Maiden Bracers,27,Shield Maiden Bracers,Onyx Ultra Rare
202537,2025,37,Shield of Guarding,27,Shield of Guarding,Onyx Ultra Rare
202537,2025,37,Thor's Mug of Melee,27,Thor's Mug of Melee,Onyx Ultra Rare
202545,2025,45,+2 Rod of Focus,71,+2 Rod of Focus,Onyx Ultra Rare
202545,2025,45,Amulet of Folkvangr,50,Amulet of Folkvangr,Onyx Ultra Rare
202545,2025,45,Bead Bracelets,56,Bead Bracelets,Onyx Ultra Rare
202545,2025,45,Bead of Celecia,55,Bead of Celecia,Onyx Ultra Rare
202545,2025,45,Bead of Greed,71,Bead of Greed,Onyx Ultra Rare
202545,2025,45,Belt of the Hunter,50,Belt of the Hunter,Onyx Ultra Rare
202545,2025,45,C/UC/R Set,110,C/UC/R Set,Onyx Ultra Rare
202545,2025,45,Charm of Echoed Taunts,50,Charm of Echoed Taunts,Onyx Ultra Rare
202545,2025,45,Charm of Temptation,46,Charm of Temptation,Onyx Ultra Rare
202545,2025,45,Charm of the Hedgehog,66,Charm of the Hedgehog,Onyx Ultra Rare
202545,2025,45,Death Knight Helm,50,Death Knight Helm,Onyx Ultra Rare
202545,2025,45,Earcuff of the Cabal,51,Earcuff of the Cabal,Onyx Ultra Rare
202545,2025,45,Eye Patch of the Aesir,46,Eye Patch of the Aesir,Onyx Ultra Rare
202545,2025,45,Greaves of Deflection,55,Greaves of Deflection,Onyx Ultra Rare
202545,2025,45,Holy Symbol of Thor,65,Holy Symbol of Thor,Onyx Ultra Rare
202545,2025,45,Ioun Stone Topaz Trilliant,56,Ioun Stone Topaz Trilliant,Onyx Ultra Rare
202545,2025,45,Nightshade's Grim Gloves,51,Nightshade's Grim Gloves,Onyx Ultra Rare
202545,2025,45,Picc's Grindstone,100,Picc's Grindstone,Onyx Ultra Rare
202545,2025,45,Shield Maiden Bracers,50,Shield Maiden Bracers,Onyx Ultra Rare
202545,2025,45,Shield of Guarding,50,Shield of Guarding,Onyx Ultra Rare
202545,2025,45,Thor's Mug of Melee,51,Thor's Mug of Melee,Onyx Ultra Rare
20262,2026,2,+2 Branding Mace,37,+2 Branding Mace,Onyx Ultra Rare
20262,2026,2,+2 Darkbane Crossbow,41,+2 Darkbane Crossbow,Onyx Ultra Rare
20262,2026,2,Belt of the Accursed,50,Belt of the Accursed,Onyx Ultra Rare
20262,2026,2,Boots of Grave's Reach,40,Boots of Grave's Reach,Onyx Ultra Rare
20262,2026,2,Bracers of Boosting,41,Bracers of Boosting,Onyx Ultra Rare
20262,2026,2,C/UC/R Set,105,C/UC/R Set,Onyx Ultra Rare
20262,2026,2,Charm of Fickle Fate,41,Charm of Fickle Fate,Onyx Ultra Rare
20262,2026,2,Cloak of the Accursed,50,Cloak of the Accursed,Onyx Ultra Rare
20262,2026,2,Earcuff of the Accursed,50,Earcuff of the Accursed,Onyx Ultra Rare
20262,2026,2,Figurine of Power: Pilgrim,55,Figurine of Power: Pilgrim,Onyx Ultra Rare
20262,2026,2,Goblet of Saintly Surge,65,Goblet of Saintly Surge,Onyx Ultra Rare
20262,2026,2,Greaves of Diffusion,50,Greaves of Diffusion,Onyx Ultra Rare
20262,2026,2,Hat of Critical Thinking,65,Hat of Critical Thinking,Onyx Ultra Rare
20262,2026,2,Ioun Stone Moonstone Orb,45,Ioun Stone Moonstone Orb,Onyx Ultra Rare
20262,2026,2,Lady Ashley's Triad Shield,65,Lady Ashley's Triad Shield,Onyx Ultra Rare
20262,2026,2,Mongo's Miracle Bead,50,Mongo's Miracle Bead,Onyx Ultra Rare
20262,2026,2,Ring of the Vampire,41,Ring of the Vampire,Onyx Ultra Rare
20262,2026,2,Shirt of the Lycan,55,Shirt of the Lycan,Onyx Ultra Rare
20262,2026,2,Sir Andrew's Triad Armor,60,Sir Andrew's Triad Armor,Onyx Ultra Rare
20262,2026,2,Sir Jason's Triad Helm,60,Sir Jason's Triad Helm,Onyx Ultra Rare
20262,2026,2,St. Gubb's Gorget,41,St. Gubb's Gorget,Onyx Ultra Rare
20264,2026,4,+2 Branding Mace,42,+2 Branding Mace,Onyx Ultra Rare
20264,2026,4,+2 Darkbane Crossbow,46,+2 Darkbane Crossbow,Onyx Ultra Rare
20264,2026,4,Belt of the Accursed,43,Belt of the Accursed,Onyx Ultra Rare
20264,2026,4,Boots of Grave's Reach,43,Boots of Grave's Reach,Onyx Ultra Rare
20264,2026,4,Bracers of Boosting,43,Bracers of Boosting,Onyx Ultra Rare
20264,2026,4,C/UC/R Set,85,C/UC/R Set,Onyx Ultra Rare
20264,2026,4,Charm of Fickle Fate,55,Charm of Fickle Fate,Onyx Ultra Rare
20264,2026,4,Cloak of the Accursed,43,Cloak of the Accursed,Onyx Ultra Rare
20264,2026,4,Earcuff of the Accursed,43,Earcuff of the Accursed,Onyx Ultra Rare
20264,2026,4,Figurine of Power: Pilgrim,56,Figurine of Power: Pilgrim,Onyx Ultra Rare
20264,2026,4,Goblet of Saintly Surge,55,Goblet of Saintly Surge,Onyx Ultra Rare
20264,2026,4,Greaves of Diffusion,70,Greaves of Diffusion,Onyx Ultra Rare
20264,2026,4,Hat of Critical Thinking,75,Hat of Critical Thinking,Onyx Ultra Rare
20264,2026,4,Ioun Stone Moonstone Orb,55,Ioun Stone Moonstone Orb,Onyx Ultra Rare
20264,2026,4,Lady Ashley's Triad Shield,55,Lady Ashley's Triad Shield,Onyx Ultra Rare
20264,2026,4,Mongo's Miracle Bead,50,Mongo's Miracle Bead,Onyx Ultra Rare
20264,2026,4,Ring of the Vampire,60,Ring of the Vampire,Onyx Ultra Rare
20264,2026,4,Shirt of the Lycan,46,Shirt of the Lycan,Onyx Ultra Rare
20264,2026,4,Sir Andrew's Triad Armor,55,Sir Andrew's Triad Armor,Onyx Ultra Rare
20264,2026,4,Sir Jason's Triad Helm,55,Sir Jason's Triad Helm,Onyx Ultra Rare
20264,2026,4,St. Gubb's Gorget,43,St. Gubb's Gorget,Onyx Ultra Rare
20266,2026,6,+2 Branding Mace,46,+2 Branding Mace,Onyx Ultra Rare
20266,2026,6,+2 Darkbane Crossbow,51,+2 Darkbane Crossbow,Onyx Ultra Rare
20266,2026,6,Belt of the Accursed,42,Belt of the Accursed,Onyx Ultra Rare
20266,2026,6,Boots of Grave's Reach,46,Boots of Grave's Reach,Onyx Ultra Rare
20266,2026,6,Bracers of Boosting,50,Bracers of Boosting,Onyx Ultra Rare
20266,2026,6,C/UC/R Set,96,C/UC/R Set,Onyx Ultra Rare
20266,2026,6,Charm of Fickle Fate,45,Charm of Fickle Fate,Onyx Ultra Rare
20266,2026,6,Cloak of the Accursed,42,Cloak of the Accursed,Onyx Ultra Rare
20266,2026,6,Earcuff of the Accursed,42,Earcuff of the Accursed,Onyx Ultra Rare
20266,2026,6,Figurine of Power: Pilgrim,67,Figurine of Power: Pilgrim,Onyx Ultra Rare
20266,2026,6,Goblet of Saintly Surge,62,Goblet of Saintly Surge,Onyx Ultra Rare
20266,2026,6,Greaves of Diffusion,52,Greaves of Diffusion,Onyx Ultra Rare
20266,2026,6,Hat of Critical Thinking,56,Hat of Critical Thinking,Onyx Ultra Rare
20266,2026,6,Ioun Stone Moonstone Orb,54,Ioun Stone Moonstone Orb,Onyx Ultra Rare
20266,2026,6,Lady Ashley's Triad Shield,51,Lady Ashley's Triad Shield,Onyx Ultra Rare
20266,2026,6,Mongo's Miracle Bead,51,Mongo's Miracle Bead,Onyx Ultra Rare
20266,2026,6,Ring of the Vampire,46,Ring of the Vampire,Onyx Ultra Rare
20266,2026,6,Shirt of the Lycan,62,Shirt of the Lycan,Onyx Ultra Rare
20266,2026,6,Sir Andrew's Triad Armor,51,Sir Andrew's Triad Armor,Onyx Ultra Rare
20266,2026,6,Sir Jason's Triad Helm,51,Sir Jason's Triad Helm,Onyx Ultra Rare
20266,2026,6,St. Gubb's Gorget,46,St. Gubb's Gorget,Onyx Ultra Rare
202634,2026,34,+2 Branding Mace,45,+2 Branding Mace,Onyx Ultra Rare
202634,2026,34,+2 Darkbane Crossbow,50,+2 Darkbane Crossbow,Onyx Ultra Rare
202634,2026,34,Belt of the Accursed,46,Belt of the Accursed,Onyx Ultra Rare
202634,2026,34,Boots of Grave's Reach,41,Boots of Grave's Reach,Onyx Ultra Rare
202634,2026,34,Bracers of Boosting,50,Bracers of Boosting,Onyx Ultra Rare
202634,2026,34,C/UC/R Set,100,C/UC/R Set,Onyx Ultra Rare
202634,2026,34,Charm of Fickle Fate,50,Charm of Fickle Fate,Onyx Ultra Rare
202634,2026,34,Cloak of the Accursed,46,Cloak of the Accursed,Onyx Ultra Rare
202634,2026,34,Earcuff of the Accursed,46,Earcuff of the Accursed,Onyx Ultra Rare
202634,2026,34,Figurine of Power: Pilgrim,50,Figurine of Power: Pilgrim,Onyx Ultra Rare
202634,2026,34,Goblet of Saintly Surge,50,Goblet of Saintly Surge,Onyx Ultra Rare
202634,2026,34,Greaves of Diffusion,65,Greaves of Diffusion,Onyx Ultra Rare
202634,2026,34,Hat of Critical Thinking,60,Hat of Critical Thinking,Onyx Ultra Rare
202634,2026,34,Ioun Stone Moonstone Orb,55,Ioun Stone Moonstone Orb,Onyx Ultra Rare
202634,2026,34,Lady Ashley's Triad Shield,55,Lady Ashley's Triad Shield,Onyx Ultra Rare
202634,2026,34,Mongo's Miracle Bead,50,Mongo's Miracle Bead,Onyx Ultra Rare
202634,2026,34,Ring of the Vampire,50,Ring of the Vampire,Onyx Ultra Rare
202634,2026,34,Shirt of the Lycan,50,Shirt of the Lycan,Onyx Ultra Rare
202634,2026,34,Sir Andrew's Triad Armor,55,Sir Andrew's Triad Armor,Onyx Ultra Rare
202634,2026,34,Sir Jason's Triad Helm,55,Sir Jason's Triad Helm,Onyx Ultra Rare
202634,2026,34,St. Gubb's Gorget,45,St. Gubb's Gorget,Onyx Ultra Rare