Item,Quantity,Price/unit,Line total
2027 Treasure Chips,40,4.1,164
2027 Treasure Chips,10,3.85,38.5
Drake’s Elixir,32,0.5,16
1st Codex of the Familiar,1,1301,1301
Ioun Stone Warden Wrath,8,61,488
Shirt of Cat's Gift,1,66,66
Shirt of Cat's Gift,1,66,66
Shirt of Cat's Gift,1,66,66
Shirt of Cat's Gift,1,65,65
Wish Ring,1,101,101
+1 Voidbane Cannon (Onyx),1,40,40
+2 Cosmic Hammer (Onyx),1,46,46
Bead of Need (Onyx),1,71,71
Blood Cult Mark (Onyx),1,60,60
Carter's Tome of Insight (Onyx),1,81,81
Charm of Coordination (Onyx),1,53,53
Cosmic Armor (Onyx),1,42,42
Crypt Cloak (Onyx),1,46,46
Earcuff of Murmurs (Onyx),1,41,41
Gloves of Elder Horror (Onyx),1,42,42
Ioun Stone Amethyst Sphere (Onyx),1,41,41
Kilt of Kthala (Onyx),1,36,36
Lenses of Timestep (Onyx),1,36,36
Mask of Foggy Health (Onyx),1,45,45
Mask of Unlucky Heroism (Onyx),1,41,41
Natasha's Nightcap (Onyx),1,61,61
Necklace of Baubles (Onyx),1,47,47
Ring of Kthala (Onyx),1,41,41
Spirit Pet Owl (Onyx),1,96,96
Tobin's Cosmic Ring (Onyx),1,61,61
Full Onyx C/U/R Set,1,81,81
PYP Ultra Rare,3,52,156
PYP Ultra Rare,3,52,156
PYP Ultra Rare,5,52,260
PYP Ultra Rare,5,51,255
Alchemist's Ink,24,2.5,60
Alchemist's Ink,10,2.5,25
Alchemist's Ink,5,2.5,12.5
Alchemist's Ink,1,2.25,2.25
Alchemist's Parchment,12,1.6,19.2
Alchemist's Parchment,10,1.6,16
Alchemist's Parchment,18,1.35,24.3
Aragonite,5,7.25,36.25
Aragonite,2,7.25,14.5
Aragonite,8,7,56
Darkwood Plank,20,0.7,14
Darkwood Plank,30,0.5,15
Dwarven Steel,10,1.75,17.5
Dwarven Steel,30,1.5,45
Elven Bismuth,2,29.25,58.5
Elven Bismuth,3,29.25,87.75
Elven Bismuth,5,29.25,146.25
Elven Bismuth,4,29.25,117
Elven Bismuth,2,29.25,58.5
Elven Bismuth,1,29.25,29.25
Elven Bismuth,3,29,87
Enchanter's Munition,15,3.6,54
Enchanter's Munition,5,3.6,18
Minotaur Hide,15,2.6,39
Minotaur Hide,13,2.5,32.5
Minotaur Hide,12,2.35,28.2
Mystic Silk,50,0.5,25
Oil of Enchantment,5,41,205
Oil of Enchantment,3,41,123
Oil of Enchantment,4,41,164
Oil of Enchantment,4,41,164
Oil of Enchantment,2,41,82
Oil of Enchantment,2,40.75,81.5
Philosopher's Stone,50,1.15,57.5
1K Gold Bar,2,7.25,14.5
1K Gold Bar,17,7,119
1K Gold Bar,26,7,182
2027 Patron Code,1,370,370
